OBS#,Manufacturer,Cement,Blast Furnace Slag,Fly Ash,Water,Superplasticizer,Coarse Aggregate,Fine Aggregate,Age,Comp_strength
1,Delta,540,0,0,162,2.5,1040,676,28,79.99
2,Gamma,540,0,0,162,2.5,1055,676,28,61.89
3,Zeta,332.5,142.5,0,228,0,932,594,270,40.27
4,Delta,332.5,142.5,0,228,0,932,594,365,41.05
5,Gamma,198.6,132.4,0,192,0,978.4,825.5,360,44.3
6,Zeta,266,114,0,228,0,932,670,90,47.03
7,Delta,380,95,0,228,0,932,594,365,43.7
8,Gamma,380,95,0,228,0,932,594,28,36.45
9,Zeta,266,114,0,228,0,932,670,28,45.85
10,Delta,475,0,0,228,0,932,594,28,39.29
11,Gamma,198.6,132.4,0,192,0,978.4,825.5,90,38.07
12,Zeta,198.6,132.4,0,192,0,978.4,825.5,28,28.02
13,Delta,427.5,47.5,0,228,0,932,594,270,43.01
14,Gamma,190,190,0,228,0,932,670,90,42.33
15,Zeta,304,76,0,228,0,932,670,28,47.81
16,Delta,380,0,0,228,0,932,670,90,52.91
17,Gamma,139.6,209.4,0,192,0,1047,806.9,90,39.36
18,Zeta,342,38,0,228,0,932,670,365,56.14
19,Delta,380,95,0,228,0,932,594,90,40.56
20,Gamma,475,0,0,228,0,932,594,180,42.62
21,Zeta,427.5,47.5,0,228,0,932,594,180,41.84
22,Delta,139.6,209.4,0,192,0,1047,806.9,28,28.24
23,Gamma,139.6,209.4,0,192,0,1047,806.9,3,8.06
24,Zeta,139.6,209.4,0,192,0,1047,806.9,180,44.21
25,Delta,380,0,0,228,0,932,670,365,52.52
26,Gamma,380,0,0,228,0,932,670,270,53.3
27,Zeta,380,95,0,228,0,932,594,270,41.15
28,Delta,342,38,0,228,0,932,670,180,52.12
29,Gamma,427.5,47.5,0,228,0,932,594,28,37.43
30,Zeta,475,0,0,228,0,932,594,7,38.6
31,Delta,304,76,0,228,0,932,670,365,55.26
32,Gamma,266,114,0,228,0,932,670,365,52.91
33,Zeta,198.6,132.4,0,192,0,978.4,825.5,180,41.72
34,Delta,475,0,0,228,0,932,594,270,42.13
35,Gamma,190,190,0,228,0,932,670,365,53.69
36,Zeta,237.5,237.5,0,228,0,932,594,270,38.41
37,Delta,237.5,237.5,0,228,0,932,594,28,30.08
38,Gamma,332.5,142.5,0,228,0,932,594,90,37.72
39,Zeta,475,0,0,228,0,932,594,90,42.23
40,Delta,237.5,237.5,0,228,0,932,594,180,36.25
41,Gamma,342,38,0,228,0,932,670,90,50.46
42,Zeta,427.5,47.5,0,228,0,932,594,365,43.7
43,Delta,237.5,237.5,0,228,0,932,594,365,39
44,Gamma,380,0,0,228,0,932,670,180,53.1
45,Zeta,427.5,47.5,0,228,0,932,594,90,41.54
46,Delta,427.5,47.5,0,228,0,932,594,7,35.08
47,Gamma,349,0,0,192,0,1047,806.9,3,15.05
48,Zeta,380,95,0,228,0,932,594,180,40.76
49,Delta,237.5,237.5,0,228,0,932,594,7,26.26
50,Gamma,380,95,0,228,0,932,594,7,32.82
51,Zeta,332.5,142.5,0,228,0,932,594,180,39.78
52,Delta,190,190,0,228,0,932,670,180,46.93
53,Gamma,237.5,237.5,0,228,0,932,594,90,33.12
54,Zeta,304,76,0,228,0,932,670,90,49.19
55,Delta,139.6,209.4,0,192,0,1047,806.9,7,14.59
56,Gamma,198.6,132.4,0,192,0,978.4,825.5,7,14.64
57,Zeta,475,0,0,228,0,932,594,365,41.93
58,Delta,198.6,132.4,0,192,0,978.4,825.5,3,9.13
59,Gamma,304,76,0,228,0,932,670,180,50.95
60,Zeta,332.5,142.5,0,228,0,932,594,28,33.02
61,Delta,304,76,0,228,0,932,670,270,54.38
62,Gamma,266,114,0,228,0,932,670,270,51.73
63,Zeta,310,0,0,192,0,971,850.6,3,9.87
64,Delta,190,190,0,228,0,932,670,270,50.66
65,Gamma,266,114,0,228,0,932,670,180,48.7
66,Zeta,342,38,0,228,0,932,670,270,55.06
67,Delta,139.6,209.4,0,192,0,1047,806.9,360,44.7
68,Gamma,332.5,142.5,0,228,0,932,594,7,30.28
69,Zeta,190,190,0,228,0,932,670,28,40.86
70,Delta,485,0,0,146,0,1120,800,28,71.99
71,Gamma,374,189.2,0,170.1,10.1,926.1,756.7,3,34.4
72,Zeta,313.3,262.2,0,175.5,8.6,1046.9,611.8,3,28.8
73,Delta,425,106.3,0,153.5,16.5,852.1,887.1,3,33.4
74,Gamma,425,106.3,0,151.4,18.6,936,803.7,3,36.3
75,Zeta,375,93.8,0,126.6,23.4,852.1,992.6,3,29
76,Delta,475,118.8,0,181.1,8.9,852.1,781.5,3,37.8
77,Gamma,469,117.2,0,137.8,32.2,852.1,840.5,3,40.2
78,Zeta,425,106.3,0,153.5,16.5,852.1,887.1,3,33.4
79,Delta,388.6,97.1,0,157.9,12.1,852.1,925.7,3,28.1
80,Gamma,531.3,0,0,141.8,28.2,852.1,893.7,3,41.3
81,Zeta,425,106.3,0,153.5,16.5,852.1,887.1,3,33.4
82,Delta,318.8,212.5,0,155.7,14.3,852.1,880.4,3,25.2
83,Gamma,401.8,94.7,0,147.4,11.4,946.8,852.1,3,41.1
84,Zeta,362.6,189,0,164.9,11.6,944.7,755.8,3,35.3
85,Delta,323.7,282.8,0,183.8,10.3,942.7,659.9,3,28.3
86,Gamma,379.5,151.2,0,153.9,15.9,1134.3,605,3,28.6
87,Zeta,362.6,189,0,164.9,11.6,944.7,755.8,3,35.3
88,Delta,286.3,200.9,0,144.7,11.2,1004.6,803.7,3,24.4
89,Gamma,362.6,189,0,164.9,11.6,944.7,755.8,3,35.3
90,Zeta,439,177,0,186,11.1,884.9,707.9,3,39.3
91,Delta,389.9,189,0,145.9,22,944.7,755.8,3,40.6
92,Gamma,362.6,189,0,164.9,11.6,944.7,755.8,3,35.3
93,Zeta,337.9,189,0,174.9,9.5,944.7,755.8,3,24.1
94,Delta,374,189.2,0,170.1,10.1,926.1,756.7,7,46.2
95,Gamma,313.3,262.2,0,175.5,8.6,1046.9,611.8,7,42.8
96,Zeta,425,106.3,0,153.5,16.5,852.1,887.1,7,49.2
97,Delta,425,106.3,0,151.4,18.6,936,803.7,7,46.8
98,Gamma,375,93.8,0,126.6,23.4,852.1,992.6,7,45.7
99,Zeta,475,118.8,0,181.1,8.9,852.1,781.5,7,55.6
100,Delta,469,117.2,0,137.8,32.2,852.1,840.5,7,54.9
101,Gamma,425,106.3,0,153.5,16.5,852.1,887.1,7,49.2
102,Zeta,388.6,97.1,0,157.9,12.1,852.1,925.7,7,34.9
103,Delta,531.3,0,0,141.8,28.2,852.1,893.7,7,46.9
104,Gamma,425,106.3,0,153.5,16.5,852.1,887.1,7,49.2
105,Zeta,318.8,212.5,0,155.7,14.3,852.1,880.4,7,33.4
106,Delta,401.8,94.7,0,147.4,11.4,946.8,852.1,7,54.1
107,Gamma,362.6,189,0,164.9,11.6,944.7,755.8,7,55.9
108,Zeta,323.7,282.8,0,183.8,10.3,942.7,659.9,7,49.8
109,Delta,379.5,151.2,0,153.9,15.9,1134.3,605,7,47.1
110,Gamma,362.6,189,0,164.9,11.6,944.7,755.8,7,55.9
111,Zeta,286.3,200.9,0,144.7,11.2,1004.6,803.7,7,38
112,Delta,362.6,189,0,164.9,11.6,944.7,755.8,7,55.9
113,Gamma,439,177,0,186,11.1,884.9,707.9,7,56.1
114,Zeta,389.9,189,0,145.9,22,944.7,755.8,7,59.09
115,Delta,362.6,189,0,164.9,11.6,944.7,755.8,7,22.9
116,Gamma,337.9,189,0,174.9,9.5,944.7,755.8,7,35.1
117,Zeta,374,189.2,0,170.1,10.1,926.1,756.7,28,61.09
118,Delta,313.3,262.2,0,175.5,8.6,1046.9,611.8,28,59.8
119,Gamma,425,106.3,0,153.5,16.5,852.1,887.1,28,60.29
120,Zeta,425,106.3,0,151.4,18.6,936,803.7,28,61.8
121,Delta,375,93.8,0,126.6,23.4,852.1,992.6,28,56.7
122,Gamma,475,118.8,0,181.1,8.9,852.1,781.5,28,68.3
123,Zeta,469,117.2,0,137.8,32.2,852.1,840.5,28,66.9
124,Delta,425,106.3,0,153.5,16.5,852.1,887.1,28,60.29
125,Gamma,388.6,97.1,0,157.9,12.1,852.1,925.7,28,50.7
126,Zeta,531.3,0,0,141.8,28.2,852.1,893.7,28,56.4
127,Delta,425,106.3,0,153.5,16.5,852.1,887.1,28,60.29
128,Gamma,318.8,212.5,0,155.7,14.3,852.1,880.4,28,55.5
129,Zeta,401.8,94.7,0,147.4,11.4,946.8,852.1,28,68.5
130,Delta,362.6,189,0,164.9,11.6,944.7,755.8,28,71.3
131,Gamma,323.7,282.8,0,183.8,10.3,942.7,659.9,28,74.7
132,Zeta,379.5,151.2,0,153.9,15.9,1134.3,605,28,52.2
133,Delta,362.6,189,0,164.9,11.6,944.7,755.8,28,71.3
134,Gamma,286.3,200.9,0,144.7,11.2,1004.6,803.7,28,67.7
135,Zeta,362.6,189,0,164.9,11.6,944.7,755.8,28,71.3
136,Delta,439,177,0,186,11.1,884.9,707.9,28,66
137,Gamma,389.9,189,0,145.9,22,944.7,755.8,28,74.5
138,Zeta,362.6,189,0,164.9,11.6,944.7,755.8,28,71.3
139,Delta,337.9,189,0,174.9,9.5,944.7,755.8,28,49.9
140,Gamma,374,189.2,0,170.1,10.1,926.1,756.7,56,63.4
141,Zeta,313.3,262.2,0,175.5,8.6,1046.9,611.8,56,64.9
142,Delta,425,106.3,0,153.5,16.5,852.1,887.1,56,64.3
143,Gamma,425,106.3,0,151.4,18.6,936,803.7,56,64.9
144,Zeta,375,93.8,0,126.6,23.4,852.1,992.6,56,60.2
145,Delta,475,118.8,0,181.1,8.9,852.1,781.5,56,72.3
146,Gamma,469,117.2,0,137.8,32.2,852.1,840.5,56,69.3
147,Zeta,425,106.3,0,153.5,16.5,852.1,887.1,56,64.3
148,Delta,388.6,97.1,0,157.9,12.1,852.1,925.7,56,55.2
149,Gamma,531.3,0,0,141.8,28.2,852.1,893.7,56,58.8
150,Zeta,425,106.3,0,153.5,16.5,852.1,887.1,56,64.3
151,Delta,318.8,212.5,0,155.7,14.3,852.1,880.4,56,66.1
152,Gamma,401.8,94.7,0,147.4,11.4,946.8,852.1,56,73.7
153,Zeta,362.6,189,0,164.9,11.6,944.7,755.8,56,77.3
154,Delta,323.7,282.8,0,183.8,10.3,942.7,659.9,56,80.2
155,Gamma,379.5,151.2,0,153.9,15.9,1134.3,605,56,54.9
156,Zeta,362.6,189,0,164.9,11.6,944.7,755.8,56,77.3
157,Delta,286.3,200.9,0,144.7,11.2,1004.6,803.7,56,72.99
158,Gamma,362.6,189,0,164.9,11.6,944.7,755.8,56,77.3
159,Zeta,439,177,0,186,11.1,884.9,707.9,56,71.7
160,Delta,389.9,189,0,145.9,22,944.7,755.8,56,79.4
161,Gamma,362.6,189,0,164.9,11.6,944.7,755.8,56,77.3
162,Zeta,337.9,189,0,174.9,9.5,944.7,755.8,56,59.89
163,Delta,374,189.2,0,170.1,10.1,926.1,756.7,91,64.9
164,Gamma,313.3,262.2,0,175.5,8.6,1046.9,611.8,91,66.6
165,Zeta,425,106.3,0,153.5,16.5,852.1,887.1,91,65.2
166,Delta,425,106.3,0,151.4,18.6,936,803.7,91,66.7
167,Gamma,375,93.8,0,126.6,23.4,852.1,992.6,91,62.5
168,Zeta,475,118.8,0,181.1,8.9,852.1,781.5,91,74.19
169,Delta,469,117.2,0,137.8,32.2,852.1,840.5,91,70.7
170,Gamma,425,106.3,0,153.5,16.5,852.1,887.1,91,65.2
171,Zeta,388.6,97.1,0,157.9,12.1,852.1,925.7,91,57.6
172,Delta,531.3,0,0,141.8,28.2,852.1,893.7,91,59.2
173,Gamma,425,106.3,0,153.5,16.5,852.1,887.1,91,65.2
174,Zeta,318.8,212.5,0,155.7,14.3,852.1,880.4,91,68.1
175,Delta,401.8,94.7,0,147.4,11.4,946.8,852.1,91,75.5
176,Gamma,362.6,189,0,164.9,11.6,944.7,755.8,91,79.3
177,Zeta,379.5,151.2,0,153.9,15.9,1134.3,605,91,56.5
178,Delta,362.6,189,0,164.9,11.6,944.7,755.8,91,79.3
179,Gamma,286.3,200.9,0,144.7,11.2,1004.6,803.7,91,76.8
180,Zeta,362.6,189,0,164.9,11.6,944.7,755.8,91,79.3
181,Delta,439,177,0,186,11.1,884.9,707.9,91,73.3
182,Gamma,389.9,189,0,145.9,22,944.7,755.8,91,82.6
183,Zeta,362.6,189,0,164.9,11.6,944.7,755.8,91,79.3
184,Delta,337.9,189,0,174.9,9.5,944.7,755.8,91,67.8
185,Gamma,222.4,0,96.7,189.3,4.5,967.1,870.3,3,11.58
186,Zeta,222.4,0,96.7,189.3,4.5,967.1,870.3,14,24.45
187,Delta,222.4,0,96.7,189.3,4.5,967.1,870.3,28,24.89
188,Gamma,222.4,0,96.7,189.3,4.5,967.1,870.3,56,29.45
189,Zeta,222.4,0,96.7,189.3,4.5,967.1,870.3,100,40.71
190,Delta,233.8,0,94.6,197.9,4.6,947,852.2,3,10.38
191,Gamma,233.8,0,94.6,197.9,4.6,947,852.2,14,22.14
192,Zeta,233.8,0,94.6,197.9,4.6,947,852.2,28,22.84
193,Delta,233.8,0,94.6,197.9,4.6,947,852.2,56,27.66
194,Gamma,233.8,0,94.6,197.9,4.6,947,852.2,100,34.56
195,Zeta,194.7,0,100.5,165.6,7.5,1006.4,905.9,3,12.45
196,Delta,194.7,0,100.5,165.6,7.5,1006.4,905.9,14,24.99
197,Gamma,194.7,0,100.5,165.6,7.5,1006.4,905.9,28,25.72
198,Zeta,194.7,0,100.5,165.6,7.5,1006.4,905.9,56,33.96
199,Delta,194.7,0,100.5,165.6,7.5,1006.4,905.9,100,37.34
200,Gamma,190.7,0,125.4,162.1,7.8,1090,804,3,15.04
201,Zeta,190.7,0,125.4,162.1,7.8,1090,804,14,21.06
202,Delta,190.7,0,125.4,162.1,7.8,1090,804,28,26.4
203,Gamma,190.7,0,125.4,162.1,7.8,1090,804,56,35.34
204,Zeta,190.7,0,125.4,162.1,7.8,1090,804,100,40.57
205,Delta,212.1,0,121.6,180.3,5.7,1057.6,779.3,3,12.47
206,Gamma,212.1,0,121.6,180.3,5.7,1057.6,779.3,14,20.92
207,Zeta,212.1,0,121.6,180.3,5.7,1057.6,779.3,28,24.9
208,Delta,212.1,0,121.6,180.3,5.7,1057.6,779.3,56,34.2
209,Gamma,212.1,0,121.6,180.3,5.7,1057.6,779.3,100,39.61
210,Zeta,230,0,118.3,195.5,4.6,1029.4,758.6,3,10.03
211,Delta,230,0,118.3,195.5,4.6,1029.4,758.6,14,20.08
212,Gamma,230,0,118.3,195.5,4.6,1029.4,758.6,28,24.48
213,Zeta,230,0,118.3,195.5,4.6,1029.4,758.6,56,31.54
214,Delta,230,0,118.3,195.5,4.6,1029.4,758.6,100,35.34
215,Gamma,190.3,0,125.2,161.9,9.9,1088.1,802.6,3,9.45
216,Zeta,190.3,0,125.2,161.9,9.9,1088.1,802.6,14,22.72
217,Delta,190.3,0,125.2,161.9,9.9,1088.1,802.6,28,28.47
218,Gamma,190.3,0,125.2,161.9,9.9,1088.1,802.6,56,38.56
219,Zeta,190.3,0,125.2,161.9,9.9,1088.1,802.6,100,40.39
220,Delta,166.1,0,163.3,176.5,4.5,1058.6,780.1,3,10.76
221,Gamma,166.1,0,163.3,176.5,4.5,1058.6,780.1,14,25.48
222,Zeta,166.1,0,163.3,176.5,4.5,1058.6,780.1,28,21.54
223,Delta,166.1,0,163.3,176.5,4.5,1058.6,780.1,56,28.63
224,Gamma,166.1,0,163.3,176.5,4.5,1058.6,780.1,100,33.54
225,Zeta,168,42.1,163.8,121.8,5.7,1058.7,780.1,3,7.75
226,Delta,168,42.1,163.8,121.8,5.7,1058.7,780.1,14,17.82
227,Gamma,168,42.1,163.8,121.8,5.7,1058.7,780.1,28,24.24
228,Zeta,168,42.1,163.8,121.8,5.7,1058.7,780.1,56,32.85
229,Delta,168,42.1,163.8,121.8,5.7,1058.7,780.1,100,39.23
230,Gamma,213.7,98.1,24.5,181.7,6.9,1065.8,785.4,3,18
231,Zeta,213.7,98.1,24.5,181.7,6.9,1065.8,785.4,14,30.39
232,Delta,213.7,98.1,24.5,181.7,6.9,1065.8,785.4,28,45.71
233,Gamma,213.7,98.1,24.5,181.7,6.9,1065.8,785.4,56,50.77
234,Zeta,213.7,98.1,24.5,181.7,6.9,1065.8,785.4,100,53.9
235,Delta,213.8,98.1,24.5,181.7,6.7,1066,785.5,3,13.18
236,Gamma,213.8,98.1,24.5,181.7,6.7,1066,785.5,14,17.84
237,Zeta,213.8,98.1,24.5,181.7,6.7,1066,785.5,28,40.23
238,Delta,213.8,98.1,24.5,181.7,6.7,1066,785.5,56,47.13
239,Gamma,213.8,98.1,24.5,181.7,6.7,1066,785.5,100,49.97
240,Zeta,229.7,0,118.2,195.2,6.1,1028.1,757.6,3,13.36
241,Delta,229.7,0,118.2,195.2,6.1,1028.1,757.6,14,22.32
242,Gamma,229.7,0,118.2,195.2,6.1,1028.1,757.6,28,24.54
243,Zeta,229.7,0,118.2,195.2,6.1,1028.1,757.6,56,31.35
244,Delta,229.7,0,118.2,195.2,6.1,1028.1,757.6,100,40.86
245,Gamma,238.1,0,94.1,186.7,7,949.9,847,3,19.93
246,Zeta,238.1,0,94.1,186.7,7,949.9,847,14,25.69
247,Delta,238.1,0,94.1,186.7,7,949.9,847,28,30.23
248,Gamma,238.1,0,94.1,186.7,7,949.9,847,56,39.59
249,Zeta,238.1,0,94.1,186.7,7,949.9,847,100,44.3
250,Delta,250,0,95.7,187.4,5.5,956.9,861.2,3,13.82
251,Gamma,250,0,95.7,187.4,5.5,956.9,861.2,14,24.92
252,Zeta,250,0,95.7,187.4,5.5,956.9,861.2,28,29.22
253,Delta,250,0,95.7,187.4,5.5,956.9,861.2,56,38.33
254,Gamma,250,0,95.7,187.4,5.5,956.9,861.2,100,42.35
255,Zeta,212.5,0,100.4,159.3,8.7,1007.8,903.6,3,13.54
256,Delta,212.5,0,100.4,159.3,8.7,1007.8,903.6,14,26.31
257,Gamma,212.5,0,100.4,159.3,8.7,1007.8,903.6,28,31.64
258,Zeta,212.5,0,100.4,159.3,8.7,1007.8,903.6,56,42.55
259,Delta,212.5,0,100.4,159.3,8.7,1007.8,903.6,100,42.92
260,Gamma,212.6,0,100.4,159.4,10.4,1003.8,903.8,3,13.33
261,Zeta,212.6,0,100.4,159.4,10.4,1003.8,903.8,14,25.37
262,Delta,212.6,0,100.4,159.4,10.4,1003.8,903.8,28,37.4
263,Gamma,212.6,0,100.4,159.4,10.4,1003.8,903.8,56,44.4
264,Zeta,212.6,0,100.4,159.4,10.4,1003.8,903.8,100,47.74
265,Delta,212,0,124.8,159,7.8,1085.4,799.5,3,19.52
266,Gamma,212,0,124.8,159,7.8,1085.4,799.5,14,31.35
267,Zeta,212,0,124.8,159,7.8,1085.4,799.5,28,38.5
268,Delta,212,0,124.8,159,7.8,1085.4,799.5,56,45.08
269,Gamma,212,0,124.8,159,7.8,1085.4,799.5,100,47.82
270,Zeta,231.8,0,121.6,174,6.7,1056.4,778.5,3,15.44
271,Delta,231.8,0,121.6,174,6.7,1056.4,778.5,14,26.77
272,Gamma,231.8,0,121.6,174,6.7,1056.4,778.5,28,33.73
273,Zeta,231.8,0,121.6,174,6.7,1056.4,778.5,56,42.7
274,Delta,231.8,0,121.6,174,6.7,1056.4,778.5,100,45.84
275,Gamma,251.4,0,118.3,188.5,5.8,1028.4,757.7,3,17.22
276,Zeta,251.4,0,118.3,188.5,5.8,1028.4,757.7,14,29.93
277,Delta,251.4,0,118.3,188.5,5.8,1028.4,757.7,28,29.65
278,Gamma,251.4,0,118.3,188.5,5.8,1028.4,757.7,56,36.97
279,Zeta,251.4,0,118.3,188.5,5.8,1028.4,757.7,100,43.58
280,Delta,251.4,0,118.3,188.5,6.4,1028.4,757.7,3,13.12
281,Gamma,251.4,0,118.3,188.5,6.4,1028.4,757.7,14,24.43
282,Zeta,251.4,0,118.3,188.5,6.4,1028.4,757.7,28,32.66
283,Delta,251.4,0,118.3,188.5,6.4,1028.4,757.7,56,36.64
284,Gamma,251.4,0,118.3,188.5,6.4,1028.4,757.7,100,44.21
285,Zeta,181.4,0,167,169.6,7.6,1055.6,777.8,3,13.62
286,Delta,181.4,0,167,169.6,7.6,1055.6,777.8,14,21.6
287,Gamma,181.4,0,167,169.6,7.6,1055.6,777.8,28,27.77
288,Zeta,181.4,0,167,169.6,7.6,1055.6,777.8,56,35.57
289,Delta,181.4,0,167,169.6,7.6,1055.6,777.8,100,45.37
290,Gamma,182,45.2,122,170.2,8.2,1059.4,780.7,3,7.32
291,Zeta,182,45.2,122,170.2,8.2,1059.4,780.7,14,21.5
292,Delta,182,45.2,122,170.2,8.2,1059.4,780.7,28,31.27
293,Gamma,182,45.2,122,170.2,8.2,1059.4,780.7,56,43.5
294,Zeta,182,45.2,122,170.2,8.2,1059.4,780.7,100,48.67
295,Delta,168.9,42.2,124.3,158.3,10.8,1080.8,796.2,3,7.4
296,Gamma,168.9,42.2,124.3,158.3,10.8,1080.8,796.2,14,23.51
297,Zeta,168.9,42.2,124.3,158.3,10.8,1080.8,796.2,28,31.12
298,Delta,168.9,42.2,124.3,158.3,10.8,1080.8,796.2,56,39.15
299,Gamma,168.9,42.2,124.3,158.3,10.8,1080.8,796.2,100,48.15
300,Zeta,290.4,0,96.2,168.1,9.4,961.2,865,3,22.5
301,Delta,290.4,0,96.2,168.1,9.4,961.2,865,14,34.67
302,Gamma,290.4,0,96.2,168.1,9.4,961.2,865,28,34.74
303,Zeta,290.4,0,96.2,168.1,9.4,961.2,865,56,45.08
304,Delta,290.4,0,96.2,168.1,9.4,961.2,865,100,48.97
305,Gamma,277.1,0,97.4,160.6,11.8,973.9,875.6,3,23.14
306,Zeta,277.1,0,97.4,160.6,11.8,973.9,875.6,14,41.89
307,Delta,277.1,0,97.4,160.6,11.8,973.9,875.6,28,48.28
308,Gamma,277.1,0,97.4,160.6,11.8,973.9,875.6,56,51.04
309,Zeta,277.1,0,97.4,160.6,11.8,973.9,875.6,100,55.64
310,Delta,295.7,0,95.6,171.5,8.9,955.1,859.2,3,22.95
311,Gamma,295.7,0,95.6,171.5,8.9,955.1,859.2,14,35.23
312,Zeta,295.7,0,95.6,171.5,8.9,955.1,859.2,28,39.94
313,Delta,295.7,0,95.6,171.5,8.9,955.1,859.2,56,48.72
314,Gamma,295.7,0,95.6,171.5,8.9,955.1,859.2,100,52.04
315,Zeta,251.8,0,99.9,146.1,12.4,1006,899.8,3,21.02
316,Delta,251.8,0,99.9,146.1,12.4,1006,899.8,14,33.36
317,Gamma,251.8,0,99.9,146.1,12.4,1006,899.8,28,33.94
318,Zeta,251.8,0,99.9,146.1,12.4,1006,899.8,56,44.14
319,Delta,251.8,0,99.9,146.1,12.4,1006,899.8,100,45.37
320,Gamma,249.1,0,98.8,158.1,12.8,987.8,889,3,15.36
321,Zeta,249.1,0,98.8,158.1,12.8,987.8,889,14,28.68
322,Delta,249.1,0,98.8,158.1,12.8,987.8,889,28,30.85
323,Gamma,249.1,0,98.8,158.1,12.8,987.8,889,56,42.03
324,Zeta,249.1,0,98.8,158.1,12.8,987.8,889,100,51.06
325,Delta,252.3,0,98.8,146.3,14.2,987.8,889,3,21.78
326,Gamma,252.3,0,98.8,146.3,14.2,987.8,889,14,42.29
327,Zeta,252.3,0,98.8,146.3,14.2,987.8,889,28,50.6
328,Delta,252.3,0,98.8,146.3,14.2,987.8,889,56,55.83
329,Gamma,252.3,0,98.8,146.3,14.2,987.8,889,100,60.95
330,Zeta,246.8,0,125.1,143.3,12,1086.8,800.9,3,23.52
331,Delta,246.8,0,125.1,143.3,12,1086.8,800.9,14,42.22
332,Gamma,246.8,0,125.1,143.3,12,1086.8,800.9,28,52.5
333,Zeta,246.8,0,125.1,143.3,12,1086.8,800.9,56,60.32
334,Delta,246.8,0,125.1,143.3,12,1086.8,800.9,100,66.42
335,Gamma,275.1,0,121.4,159.5,9.9,1053.6,777.5,3,23.8
336,Zeta,275.1,0,121.4,159.5,9.9,1053.6,777.5,14,38.77
337,Delta,275.1,0,121.4,159.5,9.9,1053.6,777.5,28,51.33
338,Gamma,275.1,0,121.4,159.5,9.9,1053.6,777.5,56,56.85
339,Zeta,275.1,0,121.4,159.5,9.9,1053.6,777.5,100,58.61
340,Delta,297.2,0,117.5,174.8,9.5,1022.8,753.5,3,21.91
341,Gamma,297.2,0,117.5,174.8,9.5,1022.8,753.5,14,36.99
342,Zeta,297.2,0,117.5,174.8,9.5,1022.8,753.5,28,47.4
343,Delta,297.2,0,117.5,174.8,9.5,1022.8,753.5,56,51.96
344,Gamma,297.2,0,117.5,174.8,9.5,1022.8,753.5,100,56.74
345,Zeta,213.7,0,174.7,154.8,10.2,1053.5,776.4,3,17.57
346,Delta,213.7,0,174.7,154.8,10.2,1053.5,776.4,14,33.73
347,Gamma,213.7,0,174.7,154.8,10.2,1053.5,776.4,28,40.15
348,Zeta,213.7,0,174.7,154.8,10.2,1053.5,776.4,56,46.64
349,Delta,213.7,0,174.7,154.8,10.2,1053.5,776.4,100,50.08
350,Gamma,213.5,0,174.2,154.6,11.7,1052.3,775.5,3,17.37
351,Zeta,213.5,0,174.2,154.6,11.7,1052.3,775.5,14,33.7
352,Delta,213.5,0,174.2,154.6,11.7,1052.3,775.5,28,45.94
353,Gamma,213.5,0,174.2,154.6,11.7,1052.3,775.5,56,51.43
354,Zeta,213.5,0,174.2,154.6,11.7,1052.3,775.5,100,59.3
355,Delta,277.2,97.8,24.5,160.7,11.2,1061.7,782.5,3,30.45
356,Gamma,277.2,97.8,24.5,160.7,11.2,1061.7,782.5,14,47.71
357,Zeta,277.2,97.8,24.5,160.7,11.2,1061.7,782.5,28,63.14
358,Delta,277.2,97.8,24.5,160.7,11.2,1061.7,782.5,56,66.82
359,Gamma,277.2,97.8,24.5,160.7,11.2,1061.7,782.5,100,66.95
360,Zeta,218.2,54.6,123.8,140.8,11.9,1075.7,792.7,3,27.42
361,Delta,218.2,54.6,123.8,140.8,11.9,1075.7,792.7,14,35.96
362,Gamma,218.2,54.6,123.8,140.8,11.9,1075.7,792.7,28,55.51
363,Zeta,218.2,54.6,123.8,140.8,11.9,1075.7,792.7,56,61.99
364,Delta,218.2,54.6,123.8,140.8,11.9,1075.7,792.7,100,63.53
365,Gamma,214.9,53.8,121.9,155.6,9.6,1014.3,780.6,3,18.02
366,Zeta,214.9,53.8,121.9,155.6,9.6,1014.3,780.6,14,38.6
367,Delta,214.9,53.8,121.9,155.6,9.6,1014.3,780.6,28,52.2
368,Gamma,214.9,53.8,121.9,155.6,9.6,1014.3,780.6,56,53.96
369,Zeta,214.9,53.8,121.9,155.6,9.6,1014.3,780.6,100,56.63
370,Delta,218.9,0,124.1,158.5,11.3,1078.7,794.9,3,15.34
371,Gamma,218.9,0,124.1,158.5,11.3,1078.7,794.9,14,26.05
372,Zeta,218.9,0,124.1,158.5,11.3,1078.7,794.9,28,30.22
373,Delta,218.9,0,124.1,158.5,11.3,1078.7,794.9,56,37.27
374,Gamma,218.9,0,124.1,158.5,11.3,1078.7,794.9,100,46.23
375,Zeta,376,0,0,214.6,0,1003.5,762.4,3,16.28
376,Delta,376,0,0,214.6,0,1003.5,762.4,14,25.62
377,Gamma,376,0,0,214.6,0,1003.5,762.4,28,31.97
378,Zeta,376,0,0,214.6,0,1003.5,762.4,56,36.3
379,Delta,376,0,0,214.6,0,1003.5,762.4,100,43.06
380,Gamma,500,0,0,140,4,966,853,28,67.57
381,Zeta,475,0,59,142,1.9,1098,641,28,57.23
382,Delta,315,137,0,145,5.9,1130,745,28,81.75
383,Gamma,505,0,60,195,0,1030,630,28,64.02
384,Zeta,451,0,0,165,11.3,1030,745,28,78.8
385,Delta,516,0,0,162,8.2,801,802,28,41.37
386,Gamma,520,0,0,170,5.2,855,855,28,60.28
387,Zeta,528,0,0,185,6.9,920,720,28,56.83
388,Delta,520,0,0,175,5.2,870,805,28,51.02
389,Gamma,385,0,136,158,20,903,768,28,55.55
390,Zeta,500.1,0,0,200,3,1124.4,613.2,28,44.13
391,Delta,450.1,50,0,200,3,1124.4,613.2,28,39.38
392,Gamma,397,17.2,158,167,20.8,967,633,28,55.65
393,Zeta,333,17.5,163,167,17.9,996,652,28,47.28
394,Delta,334,17.6,158,189,15.3,967,633,28,44.33
395,Gamma,405,0,0,175,0,1120,695,28,52.3
396,Zeta,200,200,0,190,0,1145,660,28,49.25
397,Delta,516,0,0,162,8.3,801,802,28,41.37
398,Gamma,145,116,119,184,5.7,833,880,28,29.16
399,Zeta,160,128,122,182,6.4,824,879,28,39.4
400,Delta,234,156,0,189,5.9,981,760,28,39.3
401,Gamma,250,180,95,159,9.5,860,800,28,67.87
402,Zeta,475,0,0,162,9.5,1044,662,28,58.52
403,Delta,285,190,0,163,7.6,1031,685,28,53.58
404,Gamma,356,119,0,160,9,1061,657,28,59
405,Zeta,275,180,120,162,10.4,830,765,28,76.24
406,Delta,500,0,0,151,9,1033,655,28,69.84
407,Gamma,165,0,143.6,163.8,0,1005.6,900.9,3,14.4
408,Zeta,165,128.5,132.1,175.1,8.1,1005.8,746.6,3,19.42
409,Delta,178,129.8,118.6,179.9,3.6,1007.3,746.8,3,20.73
410,Gamma,167.4,129.9,128.6,175.5,7.8,1006.3,746.6,3,14.94
411,Zeta,172.4,13.6,172.4,156.8,4.1,1006.3,856.4,3,21.29
412,Delta,173.5,50.1,173.5,164.8,6.5,1006.2,793.5,3,23.08
413,Gamma,167,75.4,167,164,7.9,1007.3,770.1,3,15.52
414,Zeta,173.8,93.4,159.9,172.3,9.7,1007.2,746.6,3,15.82
415,Delta,190.3,0,125.2,166.6,9.9,1079,798.9,3,12.55
416,Gamma,250,0,95.7,191.8,5.3,948.9,857.2,3,8.49
417,Zeta,213.5,0,174.2,159.2,11.7,1043.6,771.9,3,15.61
418,Delta,194.7,0,100.5,170.2,7.5,998,901.8,3,12.18
419,Gamma,251.4,0,118.3,192.9,5.8,1043.6,754.3,3,11.98
420,Zeta,165,0,143.6,163.8,0,1005.6,900.9,14,16.88
421,Delta,165,128.5,132.1,175.1,8.1,1005.8,746.6,14,33.09
422,Gamma,178,129.8,118.6,179.9,3.6,1007.3,746.8,14,34.24
423,Zeta,167.4,129.9,128.6,175.5,7.8,1006.3,746.6,14,31.81
424,Delta,172.4,13.6,172.4,156.8,4.1,1006.3,856.4,14,29.75
425,Gamma,173.5,50.1,173.5,164.8,6.5,1006.2,793.5,14,33.01
426,Zeta,167,75.4,167,164,7.9,1007.3,770.1,14,32.9
427,Delta,173.8,93.4,159.9,172.3,9.7,1007.2,746.6,14,29.55
428,Gamma,190.3,0,125.2,166.6,9.9,1079,798.9,14,19.42
429,Zeta,250,0,95.7,191.8,5.3,948.9,857.2,14,24.66
430,Delta,213.5,0,174.2,159.2,11.7,1043.6,771.9,14,29.59
431,Gamma,194.7,0,100.5,170.2,7.5,998,901.8,14,24.28
432,Zeta,251.4,0,118.3,192.9,5.8,1043.6,754.3,14,20.73
433,Delta,165,0,143.6,163.8,0,1005.6,900.9,28,26.2
434,Gamma,165,128.5,132.1,175.1,8.1,1005.8,746.6,28,46.39
435,Zeta,178,129.8,118.6,179.9,3.6,1007.3,746.8,28,39.16
436,Delta,167.4,129.9,128.6,175.5,7.8,1006.3,746.6,28,41.2
437,Gamma,172.4,13.6,172.4,156.8,4.1,1006.3,856.4,28,33.69
438,Zeta,173.5,50.1,173.5,164.8,6.5,1006.2,793.5,28,38.2
439,Delta,167,75.4,167,164,7.9,1007.3,770.1,28,41.41
440,Gamma,173.8,93.4,159.9,172.3,9.7,1007.2,746.6,28,37.81
441,Zeta,190.3,0,125.2,166.6,9.9,1079,798.9,28,24.85
442,Delta,250,0,95.7,191.8,5.3,948.9,857.2,28,27.22
443,Gamma,213.5,0,174.2,159.2,11.7,1043.6,771.9,28,44.64
444,Zeta,194.7,0,100.5,170.2,7.5,998,901.8,28,37.27
445,Delta,251.4,0,118.3,192.9,5.8,1043.6,754.3,28,33.27
446,Gamma,165,0,143.6,163.8,0,1005.6,900.9,56,36.56
447,Zeta,165,128.5,132.1,175.1,8.1,1005.8,746.6,56,53.72
448,Delta,178,129.8,118.6,179.9,3.6,1007.3,746.8,56,48.59
449,Gamma,167.4,129.9,128.6,175.5,7.8,1006.3,746.6,56,51.72
450,Zeta,172.4,13.6,172.4,156.8,4.1,1006.3,856.4,56,35.85
451,Delta,173.5,50.1,173.5,164.8,6.5,1006.2,793.5,56,53.77
452,Gamma,167,75.4,167,164,7.9,1007.3,770.1,56,53.46
453,Zeta,173.8,93.4,159.9,172.3,9.7,1007.2,746.6,56,48.99
454,Delta,190.3,0,125.2,166.6,9.9,1079,798.9,56,31.72
455,Gamma,250,0,95.7,191.8,5.3,948.9,857.2,56,39.64
456,Zeta,213.5,0,174.2,159.2,11.7,1043.6,771.9,56,51.26
457,Delta,194.7,0,100.5,170.2,7.5,998,901.8,56,43.39
458,Gamma,251.4,0,118.3,192.9,5.8,1043.6,754.3,56,39.27
459,Zeta,165,0,143.6,163.8,0,1005.6,900.9,100,37.96
460,Delta,165,128.5,132.1,175.1,8.1,1005.8,746.6,100,55.02
461,Gamma,178,129.8,118.6,179.9,3.6,1007.3,746.8,100,49.99
462,Zeta,167.4,129.9,128.6,175.5,7.8,1006.3,746.6,100,53.66
463,Delta,172.4,13.6,172.4,156.8,4.1,1006.3,856.4,100,37.68
464,Gamma,173.5,50.1,173.5,164.8,6.5,1006.2,793.5,100,56.06
465,Zeta,167,75.4,167,164,7.9,1007.3,770.1,100,56.81
466,Delta,173.8,93.4,159.9,172.3,9.7,1007.2,746.6,100,50.94
467,Gamma,190.3,0,125.2,166.6,9.9,1079,798.9,100,33.56
468,Zeta,250,0,95.7,191.8,5.3,948.9,857.2,100,41.16
469,Delta,213.5,0,174.2,159.2,11.7,1043.6,771.9,100,52.96
470,Gamma,194.7,0,100.5,170.2,7.5,998,901.8,100,44.28
471,Zeta,251.4,0,118.3,192.9,5.8,1043.6,754.3,100,40.15
472,Delta,446,24,79,162,11.6,967,712,28,57.03
473,Gamma,446,24,79,162,11.6,967,712,28,44.42
474,Zeta,446,24,79,162,11.6,967,712,28,51.02
475,Delta,446,24,79,162,10.3,967,712,28,53.39
476,Gamma,446,24,79,162,11.6,967,712,3,35.36
477,Zeta,446,24,79,162,11.6,967,712,3,25.02
478,Delta,446,24,79,162,11.6,967,712,3,23.35
479,Gamma,446,24,79,162,11.6,967,712,7,52.01
480,Zeta,446,24,79,162,11.6,967,712,7,38.02
481,Delta,446,24,79,162,11.6,967,712,7,39.3
482,Gamma,446,24,79,162,11.6,967,712,56,61.07
483,Zeta,446,24,79,162,11.6,967,712,56,56.14
484,Delta,446,24,79,162,11.6,967,712,56,55.25
485,Gamma,446,24,79,162,10.3,967,712,56,54.77
486,Zeta,387,20,94,157,14.3,938,845,28,50.24
487,Delta,387,20,94,157,13.9,938,845,28,46.68
488,Gamma,387,20,94,157,11.6,938,845,28,46.68
489,Zeta,387,20,94,157,14.3,938,845,3,22.75
490,Delta,387,20,94,157,13.9,938,845,3,25.51
491,Gamma,387,20,94,157,11.6,938,845,3,34.77
492,Zeta,387,20,94,157,14.3,938,845,7,36.84
493,Delta,387,20,94,157,13.9,938,845,7,45.9
494,Gamma,387,20,94,157,11.6,938,845,7,41.67
495,Zeta,387,20,94,157,14.3,938,845,56,56.34
496,Delta,387,20,94,157,13.9,938,845,56,47.97
497,Gamma,387,20,94,157,11.6,938,845,56,61.46
498,Zeta,355,19,97,145,13.1,967,871,28,44.03
499,Delta,355,19,97,145,12.3,967,871,28,55.45
500,Gamma,491,26,123,210,3.9,882,699,28,55.55
501,Zeta,491,26,123,201,3.9,822,699,28,57.92
502,Delta,491,26,123,210,3.9,882,699,3,25.61
503,Gamma,491,26,123,210,3.9,882,699,7,33.49
504,Zeta,491,26,123,210,3.9,882,699,56,59.59
505,Delta,491,26,123,201,3.9,822,699,3,29.55
506,Gamma,491,26,123,201,3.9,822,699,7,37.92
507,Zeta,491,26,123,201,3.9,822,699,56,61.86
508,Delta,424,22,132,178,8.5,822,750,28,62.05
509,Gamma,424,22,132,178,8.5,882,750,3,32.01
510,Zeta,424,22,132,168,8.9,822,750,28,72.1
511,Delta,424,22,132,178,8.5,822,750,7,39
512,Gamma,424,22,132,178,8.5,822,750,56,65.7
513,Zeta,424,22,132,168,8.9,822,750,3,32.11
514,Delta,424,22,132,168,8.9,822,750,7,40.29
515,Gamma,424,22,132,168,8.9,822,750,56,74.36
516,Zeta,202,11,141,206,1.7,942,801,28,21.97
517,Delta,202,11,141,206,1.7,942,801,3,9.85
518,Gamma,202,11,141,206,1.7,942,801,7,15.07
519,Zeta,202,11,141,206,1.7,942,801,56,23.25
520,Delta,284,15,141,179,5.5,842,801,28,43.73
521,Gamma,284,15,141,179,5.5,842,801,3,13.4
522,Zeta,284,15,141,179,5.5,842,801,7,24.13
523,Delta,284,15,141,179,5.5,842,801,56,44.52
524,Gamma,359,19,141,154,10.9,942,801,28,62.94
525,Zeta,359,19,141,154,10.9,942,801,28,59.49
526,Delta,359,19,141,154,10.9,942,801,3,25.12
527,Gamma,359,19,141,154,10.9,942,801,3,23.64
528,Zeta,359,19,141,154,10.9,942,801,7,35.75
529,Delta,359,19,141,154,10.9,942,801,7,38.61
530,Gamma,359,19,141,154,10.9,942,801,56,68.75
531,Zeta,359,19,141,154,10.9,942,801,56,66.78
532,Delta,436,0,0,218,0,838.4,719.7,28,23.85
533,Gamma,289,0,0,192,0,913.2,895.3,90,32.07
534,Zeta,289,0,0,192,0,913.2,895.3,3,11.65
535,Delta,393,0,0,192,0,940.6,785.6,3,19.2
536,Gamma,393,0,0,192,0,940.6,785.6,90,48.85
537,Zeta,393,0,0,192,0,940.6,785.6,28,39.6
538,Delta,480,0,0,192,0,936.2,712.2,28,43.94
539,Gamma,480,0,0,192,0,936.2,712.2,7,34.57
540,Zeta,480,0,0,192,0,936.2,712.2,90,54.32
541,Delta,480,0,0,192,0,936.2,712.2,3,24.4
542,Gamma,333,0,0,192,0,931.2,842.6,3,15.62
543,Zeta,255,0,0,192,0,889.8,945,90,21.86
544,Delta,255,0,0,192,0,889.8,945,7,10.22
545,Gamma,289,0,0,192,0,913.2,895.3,7,14.6
546,Zeta,255,0,0,192,0,889.8,945,28,18.75
547,Delta,333,0,0,192,0,931.2,842.6,28,31.97
548,Gamma,333,0,0,192,0,931.2,842.6,7,23.4
549,Zeta,289,0,0,192,0,913.2,895.3,28,25.57
550,Delta,333,0,0,192,0,931.2,842.6,90,41.68
551,Gamma,393,0,0,192,0,940.6,785.6,7,27.74
552,Zeta,255,0,0,192,0,889.8,945,3,8.2
553,Delta,158.8,238.2,0,185.7,0,1040.6,734.3,7,9.62
554,Gamma,239.6,359.4,0,185.7,0,941.6,664.3,7,25.42
555,Zeta,238.2,158.8,0,185.7,0,1040.6,734.3,7,15.69
556,Delta,181.9,272.8,0,185.7,0,1012.4,714.3,28,27.94
557,Gamma,193.5,290.2,0,185.7,0,998.2,704.3,28,32.63
558,Zeta,255.5,170.3,0,185.7,0,1026.6,724.3,7,17.24
559,Delta,272.8,181.9,0,185.7,0,1012.4,714.3,7,19.77
560,Gamma,239.6,359.4,0,185.7,0,941.6,664.3,28,39.44
561,Zeta,220.8,147.2,0,185.7,0,1055,744.3,28,25.75
562,Delta,397,0,0,185.7,0,1040.6,734.3,28,33.08
563,Gamma,382.5,0,0,185.7,0,1047.8,739.3,7,24.07
564,Zeta,210.7,316.1,0,185.7,0,977,689.3,7,21.82
565,Delta,158.8,238.2,0,185.7,0,1040.6,734.3,28,21.07
566,Gamma,295.8,0,0,185.7,0,1091.4,769.3,7,14.84
567,Zeta,255.5,170.3,0,185.7,0,1026.6,724.3,28,32.05
568,Delta,203.5,135.7,0,185.7,0,1076.2,759.3,7,11.96
569,Gamma,397,0,0,185.7,0,1040.6,734.3,7,25.45
570,Zeta,381.4,0,0,185.7,0,1104.6,784.3,28,22.49
571,Delta,295.8,0,0,185.7,0,1091.4,769.3,28,25.22
572,Gamma,228,342.1,0,185.7,0,955.8,674.3,28,39.7
573,Zeta,220.8,147.2,0,185.7,0,1055,744.3,7,13.09
574,Delta,316.1,210.7,0,185.7,0,977,689.3,28,38.7
575,Gamma,135.7,203.5,0,185.7,0,1076.2,759.3,7,7.51
576,Zeta,238.1,0,0,185.7,0,1118.8,789.3,28,17.58
577,Delta,339.2,0,0,185.7,0,1069.2,754.3,7,21.18
578,Gamma,135.7,203.5,0,185.7,0,1076.2,759.3,28,18.2
579,Zeta,193.5,290.2,0,185.7,0,998.2,704.3,7,17.2
580,Delta,203.5,135.7,0,185.7,0,1076.2,759.3,28,22.63
581,Gamma,290.2,193.5,0,185.7,0,998.2,704.3,7,21.86
582,Zeta,181.9,272.8,0,185.7,0,1012.4,714.3,7,12.37
583,Delta,170.3,155.5,0,185.7,0,1026.6,724.3,28,25.73
584,Gamma,210.7,316.1,0,185.7,0,977,689.3,28,37.81
585,Zeta,228,342.1,0,185.7,0,955.8,674.3,7,21.92
586,Delta,290.2,193.5,0,185.7,0,998.2,704.3,28,33.04
587,Gamma,381.4,0,0,185.7,0,1104.6,784.3,7,14.54
588,Zeta,238.2,158.8,0,185.7,0,1040.6,734.3,28,26.91
589,Delta,186.2,124.1,0,185.7,0,1083.4,764.3,7,8
590,Gamma,339.2,0,0,185.7,0,1069.2,754.3,28,31.9
591,Zeta,238.1,0,0,185.7,0,1118.8,789.3,7,10.34
592,Delta,252.5,0,0,185.7,0,1111.6,784.3,28,19.77
593,Gamma,382.5,0,0,185.7,0,1047.8,739.3,28,37.44
594,Zeta,252.5,0,0,185.7,0,1111.6,784.3,7,11.48
595,Delta,316.1,210.7,0,185.7,0,977,689.3,7,24.44
596,Gamma,186.2,124.1,0,185.7,0,1083.4,764.3,28,17.6
597,Zeta,170.3,155.5,0,185.7,0,1026.6,724.3,7,10.73
598,Delta,272.8,181.9,0,185.7,0,1012.4,714.3,28,31.38
599,Gamma,339,0,0,197,0,968,781,3,13.22
600,Zeta,339,0,0,197,0,968,781,7,20.97
601,Delta,339,0,0,197,0,968,781,14,27.04
602,Gamma,339,0,0,197,0,968,781,28,32.04
603,Zeta,339,0,0,197,0,968,781,90,35.17
604,Delta,339,0,0,197,0,968,781,180,36.45
605,Gamma,339,0,0,197,0,968,781,365,38.89
606,Zeta,236,0,0,194,0,968,885,3,6.47
607,Delta,236,0,0,194,0,968,885,14,12.84
608,Gamma,236,0,0,194,0,968,885,28,18.42
609,Zeta,236,0,0,194,0,968,885,90,21.95
610,Delta,236,0,0,193,0,968,885,180,24.1
611,Gamma,236,0,0,193,0,968,885,365,25.08
612,Zeta,277,0,0,191,0,968,856,14,21.26
613,Delta,277,0,0,191,0,968,856,28,25.97
614,Gamma,277,0,0,191,0,968,856,3,11.36
615,Zeta,277,0,0,191,0,968,856,90,31.25
616,Delta,277,0,0,191,0,968,856,180,32.33
617,Gamma,277,0,0,191,0,968,856,360,33.7
618,Zeta,254,0,0,198,0,968,863,3,9.31
619,Delta,254,0,0,198,0,968,863,90,26.94
620,Gamma,254,0,0,198,0,968,863,180,27.63
621,Zeta,254,0,0,198,0,968,863,365,29.79
622,Delta,307,0,0,193,0,968,812,180,34.49
623,Gamma,307,0,0,193,0,968,812,365,36.15
624,Zeta,307,0,0,193,0,968,812,3,12.54
625,Delta,307,0,0,193,0,968,812,28,27.53
626,Gamma,307,0,0,193,0,968,812,90,32.92
627,Zeta,236,0,0,193,0,968,885,7,9.99
628,Delta,200,0,0,180,0,1125,845,7,7.84
629,Gamma,200,0,0,180,0,1125,845,28,12.25
630,Zeta,225,0,0,181,0,1113,833,7,11.17
631,Delta,225,0,0,181,0,1113,833,28,17.34
632,Gamma,325,0,0,184,0,1063,783,7,17.54
633,Zeta,325,0,0,184,0,1063,783,28,30.57
634,Delta,275,0,0,183,0,1088,808,7,14.2
635,Gamma,275,0,0,183,0,1088,808,28,24.5
636,Zeta,300,0,0,184,0,1075,795,7,15.58
637,Delta,300,0,0,184,0,1075,795,28,26.85
638,Gamma,375,0,0,186,0,1038,758,7,26.06
639,Zeta,375,0,0,186,0,1038,758,28,38.21
640,Delta,400,0,0,187,0,1025,745,28,43.7
641,Gamma,400,0,0,187,0,1025,745,7,30.14
642,Zeta,250,0,0,182,0,1100,820,7,12.73
643,Delta,250,0,0,182,0,1100,820,28,20.87
644,Gamma,350,0,0,186,0,1050,770,7,20.28
645,Zeta,350,0,0,186,0,1050,770,28,34.29
646,Delta,203.5,305.3,0,203.5,0,963.4,630,7,19.54
647,Gamma,250.2,166.8,0,203.5,0,977.6,694.1,90,47.71
648,Zeta,157,236,0,192,0,935.4,781.2,90,43.38
649,Delta,141.3,212,0,203.5,0,971.8,748.5,28,29.89
650,Gamma,166.8,250.2,0,203.5,0,975.6,692.6,3,6.9
651,Zeta,122.6,183.9,0,203.5,0,958.2,800.1,90,33.19
652,Delta,183.9,122.6,0,203.5,0,959.2,800,3,4.9
653,Gamma,102,153,0,192,0,887,942,3,4.57
654,Zeta,102,153,0,192,0,887,942,90,25.46
655,Delta,122.6,183.9,0,203.5,0,958.2,800.1,28,24.29
656,Gamma,166.8,250.2,0,203.5,0,975.6,692.6,28,33.95
657,Zeta,200,133,0,192,0,965.4,806.2,3,11.41
658,Delta,108.3,162.4,0,203.5,0,938.2,849,28,20.59
659,Gamma,305.3,203.5,0,203.5,0,965.4,631,7,25.89
660,Zeta,108.3,162.4,0,203.5,0,938.2,849,90,29.23
661,Delta,116,173,0,192,0,909.8,891.9,90,31.02
662,Gamma,141.3,212,0,203.5,0,971.8,748.5,7,10.39
663,Zeta,157,236,0,192,0,935.4,781.2,28,33.66
664,Delta,133,200,0,192,0,927.4,839.2,28,27.87
665,Gamma,250.2,166.8,0,203.5,0,977.6,694.1,7,19.35
666,Zeta,173,116,0,192,0,946.8,856.8,7,11.39
667,Delta,192,288,0,192,0,929.8,716.1,3,12.79
668,Gamma,192,288,0,192,0,929.8,716.1,28,39.32
669,Zeta,153,102,0,192,0,888,943.1,3,4.78
670,Delta,288,192,0,192,0,932,717.8,3,16.11
671,Gamma,305.3,203.5,0,203.5,0,965.4,631,28,43.38
672,Zeta,236,157,0,192,0,972.6,749.1,7,20.42
673,Delta,173,116,0,192,0,946.8,856.8,3,6.94
674,Gamma,212,141.3,0,203.5,0,973.4,750,7,15.03
675,Zeta,236,157,0,192,0,972.6,749.1,3,13.57
676,Delta,183.9,122.6,0,203.5,0,959.2,800,90,32.53
677,Gamma,166.8,250.2,0,203.5,0,975.6,692.6,7,15.75
678,Zeta,102,153,0,192,0,887,942,7,7.68
679,Delta,288,192,0,192,0,932,717.8,28,38.8
680,Gamma,212,141.3,0,203.5,0,973.4,750,28,33
681,Zeta,102,153,0,192,0,887,942,28,17.28
682,Delta,173,116,0,192,0,946.8,856.8,28,24.28
683,Gamma,183.9,122.6,0,203.5,0,959.2,800,28,24.05
684,Zeta,133,200,0,192,0,927.4,839.2,90,36.59
685,Delta,192,288,0,192,0,929.8,716.1,90,50.73
686,Gamma,133,200,0,192,0,927.4,839.2,7,13.66
687,Zeta,305.3,203.5,0,203.5,0,965.4,631,3,14.14
688,Delta,236,157,0,192,0,972.6,749.1,90,47.78
689,Gamma,108.3,162.4,0,203.5,0,938.2,849,3,2.33
690,Zeta,157,236,0,192,0,935.4,781.2,7,16.89
691,Delta,288,192,0,192,0,932,717.8,7,23.52
692,Gamma,212,141.3,0,203.5,0,973.4,750,3,6.81
693,Zeta,212,141.3,0,203.5,0,973.4,750,90,39.7
694,Delta,153,102,0,192,0,888,943.1,28,17.96
695,Gamma,236,157,0,192,0,972.6,749.1,28,32.88
696,Zeta,116,173,0,192,0,909.8,891.9,28,22.35
697,Delta,183.9,122.6,0,203.5,0,959.2,800,7,10.79
698,Gamma,108.3,162.4,0,203.5,0,938.2,849,7,7.72
699,Zeta,203.5,305.3,0,203.5,0,963.4,630,28,41.68
700,Delta,203.5,305.3,0,203.5,0,963.4,630,3,9.56
701,Gamma,133,200,0,192,0,927.4,839.2,3,6.88
702,Zeta,288,192,0,192,0,932,717.8,90,50.53
703,Delta,200,133,0,192,0,965.4,806.2,7,17.17
704,Gamma,200,133,0,192,0,965.4,806.2,28,30.44
705,Zeta,250.2,166.8,0,203.5,0,977.6,694.1,3,9.73
706,Delta,122.6,183.9,0,203.5,0,958.2,800.1,3,3.32
707,Gamma,153,102,0,192,0,888,943.1,90,26.32
708,Zeta,200,133,0,192,0,965.4,806.2,90,43.25
709,Delta,116,173,0,192,0,909.8,891.9,3,6.28
710,Gamma,173,116,0,192,0,946.8,856.8,90,32.1
711,Zeta,250.2,166.8,0,203.5,0,977.6,694.1,28,36.96
712,Delta,305.3,203.5,0,203.5,0,965.4,631,90,54.6
713,Gamma,192,288,0,192,0,929.8,716.1,7,21.48
714,Zeta,157,236,0,192,0,935.4,781.2,3,9.69
715,Delta,153,102,0,192,0,888,943.1,7,8.37
716,Gamma,141.3,212,0,203.5,0,971.8,748.5,90,39.66
717,Zeta,116,173,0,192,0,909.8,891.9,7,10.09
718,Delta,141.3,212,0,203.5,0,971.8,748.5,3,4.83
719,Gamma,122.6,183.9,0,203.5,0,958.2,800.1,7,10.35
720,Zeta,166.8,250.2,0,203.5,0,975.6,692.6,90,43.57
721,Delta,203.5,305.3,0,203.5,0,963.4,630,90,51.86
722,Gamma,310,0,0,192,0,1012,830,3,11.85
723,Zeta,310,0,0,192,0,1012,830,7,17.24
724,Delta,310,0,0,192,0,1012,830,28,27.83
725,Gamma,310,0,0,192,0,1012,830,90,35.76
726,Zeta,310,0,0,192,0,1012,830,120,38.7
727,Delta,331,0,0,192,0,1025,821,3,14.31
728,Gamma,331,0,0,192,0,1025,821,7,17.44
729,Zeta,331,0,0,192,0,1025,821,28,31.74
730,Delta,331,0,0,192,0,1025,821,90,37.91
731,Gamma,331,0,0,192,0,1025,821,120,39.38
732,Zeta,349,0,0,192,0,1056,809,3,15.87
733,Delta,349,0,0,192,0,1056,809,7,9.01
734,Gamma,349,0,0,192,0,1056,809,28,33.61
735,Zeta,349,0,0,192,0,1056,809,90,40.66
736,Delta,349,0,0,192,0,1056,809,120,40.86
737,Gamma,238,0,0,186,0,1119,789,7,12.05
738,Zeta,238,0,0,186,0,1119,789,28,17.54
739,Delta,296,0,0,186,0,1090,769,7,18.91
740,Gamma,296,0,0,186,0,1090,769,28,25.18
741,Zeta,297,0,0,186,0,1040,734,7,30.96
742,Delta,480,0,0,192,0,936,721,28,43.89
743,Gamma,480,0,0,192,0,936,721,90,54.28
744,Zeta,397,0,0,186,0,1040,734,28,36.94
745,Delta,281,0,0,186,0,1104,774,7,14.5
746,Gamma,281,0,0,185,0,1104,774,28,22.44
747,Zeta,500,0,0,200,0,1125,613,1,12.64
748,Delta,500,0,0,200,0,1125,613,3,26.06
749,Gamma,500,0,0,200,0,1125,613,7,33.21
750,Zeta,500,0,0,200,0,1125,613,14,36.94
751,Delta,500,0,0,200,0,1125,613,28,44.09
752,Gamma,540,0,0,173,0,1125,613,7,52.61
753,Zeta,540,0,0,173,0,1125,613,14,59.76
754,Delta,540,0,0,173,0,1125,613,28,67.31
755,Gamma,540,0,0,173,0,1125,613,90,69.66
756,Zeta,540,0,0,173,0,1125,613,180,71.62
757,Delta,540,0,0,173,0,1125,613,270,74.17
758,Gamma,350,0,0,203,0,974,775,7,18.13
759,Zeta,350,0,0,203,0,974,775,14,22.53
760,Delta,350,0,0,203,0,974,775,28,27.34
761,Gamma,350,0,0,203,0,974,775,56,29.98
762,Zeta,350,0,0,203,0,974,775,90,31.35
763,Delta,350,0,0,203,0,974,775,180,32.72
764,Gamma,385,0,0,186,0,966,763,1,6.27
765,Zeta,385,0,0,186,0,966,763,3,14.7
766,Delta,385,0,0,186,0,966,763,7,23.22
767,Gamma,385,0,0,186,0,966,763,14,27.92
768,Zeta,385,0,0,186,0,966,763,28,31.35
769,Delta,331,0,0,192,0,978,825,180,39
770,Gamma,331,0,0,192,0,978,825,360,41.24
771,Zeta,349,0,0,192,0,1047,806,3,14.99
772,Delta,331,0,0,192,0,978,825,3,13.52
773,Gamma,382,0,0,186,0,1047,739,7,24
774,Zeta,382,0,0,186,0,1047,739,28,37.42
775,Delta,382,0,0,186,0,1111,784,7,11.47
776,Gamma,281,0,0,186,0,1104,774,28,22.44
777,Zeta,339,0,0,185,0,1069,754,7,21.16
778,Delta,339,0,0,185,0,1069,754,28,31.84
779,Gamma,295,0,0,185,0,1069,769,7,14.8
780,Zeta,295,0,0,185,0,1069,769,28,25.18
781,Delta,238,0,0,185,0,1118,789,28,17.54
782,Gamma,296,0,0,192,0,1085,765,7,14.2
783,Zeta,296,0,0,192,0,1085,765,28,21.65
784,Delta,296,0,0,192,0,1085,765,90,29.39
785,Gamma,331,0,0,192,0,879,825,3,13.52
786,Zeta,331,0,0,192,0,978,825,7,16.26
787,Delta,331,0,0,192,0,978,825,28,31.45
788,Gamma,331,0,0,192,0,978,825,90,37.23
789,Zeta,349,0,0,192,0,1047,806,7,18.13
790,Delta,349,0,0,192,0,1047,806,28,32.72
791,Gamma,349,0,0,192,0,1047,806,90,39.49
792,Zeta,349,0,0,192,0,1047,806,180,41.05
793,Delta,349,0,0,192,0,1047,806,360,42.13
794,Gamma,302,0,0,203,0,974,817,14,18.13
795,Zeta,302,0,0,203,0,974,817,180,26.74
796,Delta,525,0,0,189,0,1125,613,180,61.92
797,Gamma,500,0,0,200,0,1125,613,90,47.22
798,Zeta,500,0,0,200,0,1125,613,180,51.04
799,Delta,500,0,0,200,0,1125,613,270,55.16
800,Gamma,540,0,0,173,0,1125,613,3,41.64
801,Zeta,252,0,0,185,0,1111,784,7,13.71
802,Delta,252,0,0,185,0,1111,784,28,19.69
803,Gamma,339,0,0,185,0,1060,754,28,31.65
804,Zeta,393,0,0,192,0,940,758,3,19.11
805,Delta,393,0,0,192,0,940,758,28,39.58
806,Gamma,393,0,0,192,0,940,758,90,48.79
807,Zeta,382,0,0,185,0,1047,739,7,24
808,Delta,382,0,0,185,0,1047,739,28,37.42
809,Gamma,252,0,0,186,0,1111,784,7,11.47
810,Zeta,252,0,0,185,0,1111,784,28,19.69
811,Delta,310,0,0,192,0,970,850,7,14.99
812,Gamma,310,0,0,192,0,970,850,28,27.92
813,Zeta,310,0,0,192,0,970,850,90,34.68
814,Delta,310,0,0,192,0,970,850,180,37.33
815,Gamma,310,0,0,192,0,970,850,360,38.11
816,Zeta,525,0,0,189,0,1125,613,3,33.8
817,Delta,525,0,0,189,0,1125,613,7,42.42
818,Gamma,525,0,0,189,0,1125,613,14,48.4
819,Zeta,525,0,0,189,0,1125,613,28,55.94
820,Delta,525,0,0,189,0,1125,613,90,58.78
821,Gamma,525,0,0,189,0,1125,613,270,67.11
822,Zeta,322,0,0,203,0,974,800,14,20.77
823,Delta,322,0,0,203,0,974,800,28,25.18
824,Gamma,322,0,0,203,0,974,800,180,29.59
825,Zeta,302,0,0,203,0,974,817,28,21.75
826,Delta,397,0,0,185,0,1040,734,28,39.09
827,Gamma,480,0,0,192,0,936,721,3,24.39
828,Zeta,522,0,0,146,0,896,896,7,50.51
829,Delta,522,0,0,146,0,896,896,28,74.99
830,Gamma,273,105,82,210,9,904,680,28,37.17
831,Zeta,162,190,148,179,19,838,741,28,33.76
832,Delta,154,144,112,220,10,923,658,28,16.5
833,Gamma,147,115,89,202,9,860,829,28,19.99
834,Zeta,152,178,139,168,18,944,695,28,36.35
835,Delta,310,143,111,168,22,914,651,28,33.69
836,Gamma,144,0,175,158,18,943,844,28,15.42
837,Zeta,304,140,0,214,6,895,722,28,33.42
838,Delta,374,0,0,190,7,1013,730,28,39.05
839,Gamma,159,149,116,175,15,953,720,28,27.68
840,Zeta,153,239,0,200,6,1002,684,28,26.86
841,Delta,310,143,0,168,10,914,804,28,45.3
842,Gamma,305,0,100,196,10,959,705,28,30.12
843,Zeta,151,0,184,167,12,991,772,28,15.57
844,Delta,142,167,130,174,11,883,785,28,44.61
845,Gamma,298,137,107,201,6,878,655,28,53.52
846,Zeta,321,164,0,190,5,870,774,28,57.21
847,Delta,366,187,0,191,7,824,757,28,65.91
848,Gamma,280,129,100,172,9,825,805,28,52.82
849,Zeta,252,97,76,194,8,835,821,28,33.4
850,Delta,165,0,150,182,12,1023,729,28,18.03
851,Gamma,156,243,0,180,11,1022,698,28,37.36
852,Zeta,160,188,146,203,11,829,710,28,32.84
853,Delta,298,0,107,186,6,879,815,28,42.64
854,Gamma,318,0,126,210,6,861,737,28,40.06
855,Zeta,287,121,94,188,9,904,696,28,41.94
856,Delta,326,166,0,174,9,882,790,28,61.23
857,Gamma,356,0,142,193,11,801,778,28,40.87
858,Zeta,132,207,161,179,5,867,736,28,33.3
859,Delta,322,149,0,186,8,951,709,28,52.42
860,Gamma,164,0,200,181,13,849,846,28,15.09
861,Zeta,314,0,113,170,10,925,783,28,38.46
862,Delta,321,0,128,182,11,870,780,28,37.26
863,Gamma,140,164,128,237,6,869,656,28,35.23
864,Zeta,288,121,0,177,7,908,829,28,42.13
865,Delta,298,0,107,210,11,880,744,28,31.87
866,Gamma,265,111,86,195,6,833,790,28,41.54
867,Zeta,160,250,0,168,12,1049,688,28,39.45
868,Delta,166,260,0,183,13,859,827,28,37.91
869,Gamma,276,116,90,180,9,870,768,28,44.28
870,Zeta,322,0,116,196,10,818,813,28,31.18
871,Delta,149,139,109,193,6,892,780,28,23.69
872,Gamma,159,187,0,176,11,990,789,28,32.76
873,Zeta,261,100,78,201,9,864,761,28,32.4
874,Delta,237,92,71,247,6,853,695,28,28.63
875,Gamma,313,0,113,178,8,1002,689,28,36.8
876,Zeta,155,183,0,193,9,1047,697,28,18.28
877,Delta,146,230,0,202,3,827,872,28,33.06
878,Gamma,296,0,107,221,11,819,778,28,31.42
879,Zeta,133,210,0,196,3,949,795,28,31.03
880,Delta,313,145,0,178,8,867,824,28,44.39
881,Gamma,152,0,112,184,8,992,816,28,12.18
882,Zeta,153,145,113,178,8,1002,689,28,25.56
883,Delta,140,133,103,200,7,916,753,28,36.44
884,Gamma,149,236,0,176,13,847,893,28,32.96
885,Zeta,300,0,120,212,10,878,728,28,23.84
886,Delta,153,145,113,178,8,867,824,28,26.23
887,Gamma,148,0,137,158,16,1002,830,28,17.95
888,Zeta,326,0,138,199,11,801,792,28,40.68
889,Delta,153,145,0,178,8,1000,822,28,19.01
890,Gamma,262,111,86,195,5,895,733,28,33.72
891,Zeta,158,0,195,220,11,898,713,28,8.54
892,Delta,151,0,185,167,16,1074,678,28,13.46
893,Gamma,273,0,90,199,11,931,762,28,32.24
894,Zeta,149,118,92,183,7,953,780,28,23.52
895,Delta,143,169,143,191,8,967,643,28,29.72
896,Gamma,260,101,78,171,10,936,763,28,49.77
897,Zeta,313,161,0,178,10,917,759,28,52.44
898,Delta,284,120,0,168,7,970,794,28,40.93
899,Gamma,336,0,0,182,3,986,817,28,44.86
900,Zeta,145,0,134,181,11,979,812,28,13.2
901,Delta,150,237,0,174,12,1069,675,28,37.43
902,Gamma,144,170,133,192,8,814,805,28,29.87
903,Zeta,331,170,0,195,8,811,802,28,56.61
904,Delta,155,0,143,193,9,1047,697,28,12.46
905,Gamma,155,183,0,193,9,877,868,28,23.79
906,Zeta,135,0,166,180,10,961,805,28,13.29
907,Delta,266,112,87,178,10,910,745,28,39.42
908,Gamma,314,145,113,179,8,869,690,28,46.23
909,Zeta,313,145,0,127,8,1000,822,28,44.52
910,Delta,146,173,0,182,3,986,817,28,23.74
911,Gamma,144,136,106,178,7,941,774,28,26.14
912,Zeta,148,0,182,181,15,839,884,28,15.52
913,Delta,277,117,91,191,7,946,666,28,43.57
914,Gamma,298,0,107,164,13,953,784,28,35.86
915,Zeta,313,145,0,178,8,1002,689,28,41.05
916,Delta,155,184,143,194,9,880,699,28,28.99
917,Gamma,289,134,0,195,6,924,760,28,46.24
918,Zeta,148,175,0,171,2,1000,828,28,26.92
919,Delta,145,0,179,202,8,824,869,28,10.54
920,Gamma,313,0,0,178,8,1000,822,28,25.1
921,Zeta,136,162,126,172,10,923,764,28,29.07
922,Delta,155,0,143,193,9,877,868,28,9.74
923,Gamma,255,99,77,189,6,919,749,28,33.8
924,Zeta,162,207,172,216,10,822,638,28,39.84
925,Delta,136,196,98,199,6,847,783,28,26.97
926,Gamma,164,163,128,197,8,961,641,28,27.23
927,Zeta,162,214,164,202,10,820,680,28,30.65
928,Delta,157,214,152,200,9,819,704,28,33.05
929,Gamma,149,153,194,192,8,935,623,28,24.58
930,Zeta,135,105,193,196,6,965,643,28,21.91
931,Delta,159,209,161,201,7,848,669,28,30.88
932,Gamma,144,15,195,176,6,1021,709,28,15.34
933,Zeta,154,174,185,228,7,845,612,28,24.34
934,Delta,167,187,195,185,7,898,636,28,23.89
935,Gamma,184,86,190,213,6,923,623,28,22.93
936,Zeta,156,178,187,221,7,854,614,28,29.41
937,Delta,236.9,91.7,71.5,246.9,6,852.9,695.4,28,28.63
938,Gamma,313.3,0,113,178.5,8,1001.9,688.7,28,36.8
939,Zeta,154.8,183.4,0,193.3,9.1,1047.4,696.7,28,18.29
940,Delta,145.9,230.5,0,202.5,3.4,827,871.8,28,32.72
941,Gamma,296,0,106.7,221.4,10.5,819.2,778.4,28,31.42
942,Zeta,133.1,210.2,0,195.7,3.1,949.4,795.3,28,28.94
943,Delta,313.3,145,0,178.5,8,867.2,824,28,40.93
944,Gamma,151.6,0,111.9,184.4,7.9,992,815.9,28,12.18
945,Zeta,153.1,145,113,178.5,8,1001.9,688.7,28,25.56
946,Delta,139.9,132.6,103.3,200.3,7.4,916,753.4,28,36.44
947,Gamma,149.5,236,0,175.8,12.6,846.8,892.7,28,32.96
948,Zeta,299.8,0,119.8,211.5,9.9,878.2,727.6,28,23.84
949,Delta,153.1,145,113,178.5,8,867.2,824,28,26.23
950,Gamma,148.1,0,136.6,158.1,16.1,1001.8,830.1,28,17.96
951,Zeta,326.5,0,137.9,199,10.8,801.1,792.5,28,38.63
952,Delta,152.7,144.7,0,178.1,8,999.7,822.2,28,19.01
953,Gamma,261.9,110.5,86.1,195.4,5,895.2,732.6,28,33.72
954,Zeta,158.4,0,194.9,219.7,11,897.7,712.9,28,8.54
955,Delta,150.7,0,185.3,166.7,15.6,1074.5,678,28,13.46
956,Gamma,272.6,0,89.6,198.7,10.6,931.3,762.2,28,32.25
957,Zeta,149,117.6,91.7,182.9,7.1,953.4,780.3,28,23.52
958,Delta,143,169.4,142.7,190.7,8.4,967.4,643.5,28,29.73
959,Gamma,259.9,100.6,78.4,170.6,10.4,935.7,762.9,28,49.77
960,Zeta,312.9,160.5,0,177.6,9.6,916.6,759.5,28,52.45
961,Delta,284,119.7,0,168.3,7.2,970.4,794.2,28,40.93
962,Gamma,336.5,0,0,181.9,3.4,985.8,816.8,28,44.87
963,Zeta,144.8,0,133.6,180.8,11.1,979.5,811.5,28,13.2
964,Delta,150,236.8,0,173.8,11.9,1069.3,674.8,28,37.43
965,Gamma,143.7,170.2,132.6,191.6,8.5,814.1,805.3,28,29.87
966,Zeta,330.5,169.6,0,194.9,8.1,811,802.3,28,56.62
967,Delta,154.8,0,142.8,193.3,9.1,1047.4,696.7,28,12.46
968,Gamma,154.8,183.4,0,193.3,9.1,877.2,867.7,28,23.79
969,Zeta,134.7,0,165.7,180.2,10,961,804.9,28,13.29
970,Delta,266.2,112.3,87.5,177.9,10.4,909.7,744.5,28,39.42
971,Gamma,314,145.3,113.2,178.9,8,869.1,690.2,28,46.23
972,Zeta,312.7,144.7,0,127.3,8,999.7,822.2,28,44.52
973,Delta,145.7,172.6,0,181.9,3.4,985.8,816.8,28,23.74
974,Gamma,143.8,136.3,106.2,178.1,7.5,941.5,774.3,28,26.15
975,Zeta,148.1,0,182.1,181.4,15,838.9,884.3,28,15.53
976,Delta,277,116.8,91,190.6,7,946.5,665.6,28,43.58
977,Gamma,298.1,0,107.5,163.6,12.8,953.2,784,28,35.87
978,Zeta,313.3,145,0,178.5,8,1001.9,688.7,28,41.05
979,Delta,155.2,183.9,143.2,193.8,9.2,879.6,698.5,28,28.99
980,Gamma,289,133.7,0,194.9,5.5,924.1,760.1,28,46.25
981,Zeta,147.8,175.1,0,171.2,2.2,1000,828.5,28,26.92
982,Delta,145.4,0,178.9,201.7,7.8,824,868.7,28,10.54
983,Gamma,312.7,0,0,178.1,8,999.7,822.2,28,25.1
984,Zeta,136.4,161.6,125.8,171.6,10.4,922.6,764.4,28,29.07
985,Delta,154.8,0,142.8,193.3,9.1,877.2,867.7,28,9.74
986,Gamma,255.3,98.8,77,188.6,6.5,919,749.3,28,33.8
987,Zeta,272.8,105.1,81.8,209.7,9,904,679.7,28,37.17
988,Delta,162,190.1,148.1,178.8,18.8,838.1,741.4,28,33.76
989,Gamma,153.6,144.2,112.3,220.1,10.1,923.2,657.9,28,16.5
990,Zeta,146.5,114.6,89.3,201.9,8.8,860,829.5,28,19.99
991,Delta,151.8,178.1,138.7,167.5,18.3,944,694.6,28,36.35
992,Gamma,309.9,142.8,111.2,167.8,22.1,913.9,651.2,28,38.22
993,Zeta,143.6,0,174.9,158.4,17.9,942.7,844.5,28,15.42
994,Delta,303.6,139.9,0,213.5,6.2,895.5,722.5,28,33.42
995,Gamma,374.3,0,0,190.2,6.7,1013.2,730.4,28,39.06
996,Zeta,158.6,148.9,116,175.1,15,953.3,719.7,28,27.68
997,Delta,152.6,238.7,0,200,6.3,1001.8,683.9,28,26.86
998,Gamma,310,142.8,0,167.9,10,914.3,804,28,45.3
999,Zeta,304.8,0,99.6,196,9.8,959.4,705.2,28,30.12
1000,Delta,150.9,0,183.9,166.6,11.6,991.2,772.2,28,15.57
1001,Gamma,141.9,166.6,129.7,173.5,10.9,882.6,785.3,28,44.61
1002,Zeta,297.8,137.2,106.9,201.3,6,878.4,655.3,28,53.52
1003,Delta,321.3,164.2,0,190.5,4.6,870,774,28,57.22
1004,Gamma,366,187,0,191.3,6.6,824.3,756.9,28,65.91
1005,Zeta,279.8,128.9,100.4,172.4,9.5,825.1,804.9,28,52.83
1006,Delta,252.1,97.1,75.6,193.8,8.3,835.5,821.4,28,33.4
1007,Gamma,164.6,0,150.4,181.6,11.7,1023.3,728.9,28,18.03
1008,Zeta,155.6,243.5,0,180.3,10.7,1022,697.7,28,37.36
1009,Delta,160.2,188,146.4,203.2,11.3,828.7,709.7,28,35.31
1010,Gamma,298.1,0,107,186.4,6.1,879,815.2,28,42.64
1011,Zeta,317.9,0,126.5,209.7,5.7,860.5,736.6,28,40.06
1012,Delta,287.3,120.5,93.9,187.6,9.2,904.4,695.9,28,43.8
1013,Gamma,325.6,166.4,0,174,8.9,881.6,790,28,61.24
1014,Zeta,355.9,0,141.6,193.3,11,801.4,778.4,28,40.87
1015,Delta,132,206.5,160.9,178.9,5.5,866.9,735.6,28,33.31
1016,Gamma,322.5,148.6,0,185.8,8.5,951,709.5,28,52.43
1017,Zeta,164.2,0,200.1,181.2,12.6,849.3,846,28,15.09
1018,Delta,313.8,0,112.6,169.9,10.1,925.3,782.9,28,38.46
1019,Gamma,321.4,0,127.9,182.5,11.5,870.1,779.7,28,37.27
1020,Zeta,139.7,163.9,127.7,236.7,5.8,868.6,655.6,28,35.23
1021,Delta,288.4,121,0,177.4,7,907.9,829.5,28,42.14
1022,Gamma,298.2,0,107,209.7,11.1,879.6,744.2,28,31.88
1023,Zeta,264.5,111,86.5,195.5,5.9,832.6,790.4,28,41.54
1024,Delta,159.8,250,0,168.4,12.2,1049.3,688.2,28,39.46
1025,Gamma,166,259.7,0,183.2,12.7,858.8,826.8,28,37.92
1026,Zeta,276.4,116,90.3,179.6,8.9,870.1,768.3,28,44.28
1027,Delta,322.2,0,115.6,196,10.4,817.9,813.4,28,31.18
1028,Gamma,148.5,139.4,108.6,192.7,6.1,892.4,780,28,23.7
1029,Zeta,159.1,186.7,0,175.6,11.3,989.6,788.9,28,32.77
1030,Delta,260.9,100.5,78.3,200.6,8.6,864.5,761.5,28,32.4
