Public or Private,Apps received,Apps accepted,New students,Percent from top 10%,Percent from top 25%,FT undergrads,PT undergrads,in_state tuition,out_of_state tuition,room,board,fees,book costs,personal costs,PhD Faculty,faculty_student ratio,Graduation rate
2,3847,3433,527,9,35,1010,12,9384,9384,2420,2420,395,600,500,22,14.3,118
2,1377,572,178,95,100,654,5,17230,17230,3320,3370,465,700,900,100,8.2,100
2,4019,2779,888,40,73,3891,128,13584,13584,5928,,396,630,1278,88,13.9,100
2,4302,992,418,83,96,1593,5,19760,19760,2650,2650,272,660,1598,93,8.4,100
2,13865,2165,1606,90,100,6862,320,18485,18485,3370,3040,1335,500,1920,97,9.9,100
2,810,484,356,6,33,2155,191,9200,9200,2400,2400,200,1000,4200,65,24.1,100
1,1576,1326,913,13,50,3689,2200,1920,3840,,,86,200,400,52,20.3,100
2,2961,1932,628,24,68,2669,616,10800,10800,2120,2980,310,575,1090,71,14.1,100
2,798,620,238,14,41,1165,1232,9800,9800,2280,2150,50,400,1150,46,11.1,100
2,2491,1110,573,57,88,2213,35,5224,5224,,,650,525,350,65,18.4,100
2,5892,2718,756,46,72,2854,594,14500,14500,1880,1405,,700,1125,75,11.7,100
2,96,87,49,,,257,,13936,13936,5104,,70,525,945,56,14.5,100
2,97,62,21,,,286,227,5820,5820,,,20,672,2424,48,9.5,100
2,10705,2453,1317,95,99,5217,83,19840,19840,3040,3470,,630,2115,96,5.8,99
2,4186,1245,526,81,96,1988,29,19629,19629,2855,2935,141,500,1200,94,9,99
2,13218,2042,1153,90,98,4540,146,19900,19900,2696,3214,400,675,1575,91,8.4,99
2,6756,1930,871,78,96,3376,55,18624,18624,3740,2924,486,550,300,97,5.9,99
2,2989,1855,691,28,63,2988,1726,4990,4990,1725,1835,225,500,1250,75,18.1,99
2,888,734,393,26,60,1433,27,12730,12730,2652,1862,901,500,1525,74,9.9,98
2,1769,1092,437,41,80,1757,81,10965,10965,1900,2100,210,450,1250,60,14.2,98
2,8587,2273,1087,87,99,3918,32,19545,19545,3255,2815,105,550,1100,95,4.7,98
1,11223,5285,2082,32,72,9652,742,3900,7994,,,,500,732,77,17.9,98
2,489,384,120,23,52,700,45,10575,10575,1600,2352,,400,620,46,13,98
2,3320,1840,381,73,93,1320,,13380,13380,2070,2136,120,600,600,91,13.6,97
2,7700,3700,1906,79,96,7671,30,16850,16850,4400,,147,600,1350,96,13.1,97
2,3646,2300,585,25,69,2022,926,12170,12170,,,275,480,800,79,13,97
2,13789,3893,1583,90,98,6188,53,18590,18590,2996,2954,480,625,1162,95,5,97
2,2095,1553,514,15,40,1873,94,12950,12950,5400,,300,450,1120,70,14.5,97
2,12586,3239,1462,87,95,5643,349,19528,19528,3574,2352,650,720,1100,99,7.6,97
2,3456,1171,451,64,89,2016,39,25750,25750,,,170,540,1000,87,10.5,97
2,13608,2926,1616,88,97,6573,,18669,18669,,,,840,1355,,9.7,96
2,247,189,100,19,49,309,639,11412,11412,2900,3530,150,500,900,89,8.3,96
2,8506,4168,1236,76,97,5544,192,17600,17600,3600,2400,230,600,870,97,5,96
2,3356,1019,418,76,100,1490,8,19030,19030,2620,3265,325,1495,875,93,11.2,96
2,1611,960,342,27,60,1089,210,13850,13850,2020,1900,270,470,810,80,13.2,96
2,1432,888,317,29,58,1121,493,10860,10860,3090,2670,530,550,900,56,12.9,96
2,380,237,104,30,56,716,1108,11000,11000,5550,,,500,500,36,7.8,96
2,7759,5588,1477,30,68,6362,1292,15925,15925,3170,3337,445,400,300,89,13.4,96
2,5139,3346,973,20,55,3717,1358,14400,14400,3250,2950,375,450,1100,66,18.4,96
2,1831,842,379,17,45,1846,,16684,16684,3354,3318,90,1500,1700,27,10,96
2,11115,2881,1390,71,93,5881,406,18300,18300,2590,4541,156,670,1700,91,7.2,95
2,2075,1727,520,49,81,2501,198,11800,11800,1300,1960,450,500,800,87,14.2,95
2,2994,1691,659,70,95,2675,22,18000,18000,6300,,355,400,900,92,11.3,95
2,2339,307,197,,100,959,26,,,4700,4000,300,860,1450,67,8.1,95
1,13703,1610,1212,59,92,4229,,,,,,2380,1100,,37,8.8,95
2,2128,927,292,76,97,1083,,18833,18833,3400,2835,182,685,1100,94,10.6,95
2,3203,1255,413,81,97,1387,,19124,19124,3384,3200,192,772,728,93,8.8,95
2,1163,927,386,16,49,1685,556,8840,8840,2049,2640,110,750,2775,67,11.4,95
1,15849,5384,2678,74,95,11278,114,3724,12212,1816,1976,756,500,1000,90,9.5,95
2,4784,3346,781,30,66,2984,1037,15000,15000,6200,,310,700,1100,86,15.1,94
2,2007,1139,407,30,68,1680,,16600,16600,2495,4490,660,500,1045,93,16.8,94
2,6411,2140,1078,96,99,4481,28,20100,20100,3200,2775,600,725,1600,99,10.1,94
1,11522,1463,1181,50,85,4125,,,,,,,,,54,6.8,94
2,2373,956,452,77,96,1601,6,17295,17295,2650,2420,169,600,1011,95,12,94
2,1470,1199,425,21,76,1820,558,11040,11040,1950,2890,320,400,900,89,13.3,94
2,629,501,183,10,26,754,187,9400,9400,2100,2350,130,400,,64,12.8,94
2,3461,1541,577,53,90,1599,,25180,25180,,,,650,1120,79,9.8,93
2,4856,2492,727,46,75,2649,25,19510,19510,2690,2875,145,500,750,95,10.5,93
2,19227,7171,3286,81,95,13072,,19000,19000,3658,2580,66,510,1060,91,6.9,93
2,6361,5293,1507,26,51,5889,665,11380,11380,2160,2060,450,500,900,81,14.8,93
2,6548,3813,862,49,85,3316,31,18550,18550,2545,2205,110,800,1200,95,14.2,93
2,12394,5232,2464,85,100,9205,531,17020,17020,3700,3570,1836,500,1544,95,6.3,93
2,2425,1818,601,62,93,2110,95,12240,12240,3225,1925,140,500,490,94,9.6,93
1,7117,3106,1217,68,88,5186,134,2808,11720,2318,1980,1748,600,800,89,12.1,93
2,4772,1973,712,60,86,2714,27,19130,19130,3290,2310,660,1400,1400,90,12.1,92
2,12289,5200,1902,85,98,7450,45,16404,16404,,,,759,1585,96,6.8,92
2,7614,3605,1205,60,90,4598,,19701,19701,3038,2930,503,600,928,99,10.3,92
2,900,473,217,22,47,621,11,4400,4400,2000,1400,800,800,900,53,10.4,92
2,4010,2402,572,36,59,2018,226,18730,18730,3000,2740,75,600,1000,93,10.5,92
2,4471,2942,910,29,60,3674,493,11584,11584,2536,3450,975,650,800,83,14.1,92
2,3037,1130,390,80,98,1500,,17720,17720,,,180,800,1000,94,8.9,91
2,3035,1546,438,42,93,1630,232,18740,18740,2935,3365,210,600,500,86,10.7,91
2,3058,1798,478,46,84,1737,244,18810,18810,3540,2150,780,500,680,91,10.4,91
2,2286,1668,564,37,70,2943,1260,11985,11985,2160,1921,,400,1500,93,9.2,91
2,2895,1249,579,80,96,2195,156,18345,18345,3055,2940,360,500,700,94,10.6,91
2,2848,1319,456,58,84,1720,35,18930,18930,2890,2700,900,500,1000,83,10.2,91
2,2694,1579,489,75,93,1870,12,19292,19292,1623,2334,126,550,550,81,10.4,91
2,1239,1017,383,10,34,1207,157,7820,7820,1750,1650,300,550,1550,69,13.9,91
2,2496,1402,531,53,95,2121,69,17926,17926,4786,3338,720,600,850,83,10.3,91
2,3140,1783,454,40,82,1646,24,19700,19700,2550,2500,,300,800,91,9.6,91
2,6397,4304,1092,40,84,4298,132,18700,18700,3160,2420,250,750,1130,96,12.5,91
2,7935,1514,633,87,95,2674,,9950,9950,3100,2625,365,525,1330,91,8.6,91
2,253,216,196,,,829,1817,5100,5100,1116,1675,350,600,1702,50,13.6,91
2,1777,1151,382,31,55,1668,1052,16425,16425,2830,2390,470,955,750,81,13.3,90
2,280,143,79,5,27,327,110,5590,5590,1930,970,,650,1952,53,15.1,90
2,205,179,129,13,45,570,22,12816,12816,2634,2710,210,1125,2000,,9.6,90
2,6348,2999,922,68,94,3340,39,18930,18930,3070,3310,486,500,1254,99,5.3,90
2,13112,6179,2154,66,94,8807,,16640,16640,3130,3830,448,500,1300,95,16.6,90
2,2925,1598,632,51,88,2479,95,18820,18820,,,163,500,1050,85,10.3,90
2,8474,3446,911,75,94,3566,1569,18800,18800,3815,2925,,500,1040,96,3.3,90
2,7654,5259,1254,62,93,4879,1274,18350,18350,3431,2344,184,768,1512,91,3.9,90
2,3550,1877,653,53,87,2164,77,18920,18920,5950,,465,600,800,90,9.7,90
2,2096,1512,465,27,59,1442,166,16130,16130,2490,2220,280,400,800,83,13.9,90
2,499,441,199,26,52,846,377,11200,11200,7400,,,600,1300,66,6.8,90
2,3315,1096,425,68,93,1584,3,13750,13750,2019,2600,355,680,1115,81,9.6,90
2,283,201,97,10,45,589,263,8400,8400,,,96,600,900,50,10.6,89
2,2057,1807,828,26,53,4106,982,11712,11712,1716,2321,36,500,800,80,13.8,89
2,5661,2392,903,75,88,3499,172,13850,13850,4360,,,500,1250,95,4.3,89
2,2421,2109,820,27,57,3168,392,11700,11700,3000,2550,,600,450,89,14.5,89
2,1465,810,313,71,95,1088,16,18165,18165,,,375,500,1200,100,12.3,89
2,1742,1382,607,30,64,2258,53,10300,10300,2540,2540,84,475,1200,68,14.1,89
2,2115,1540,494,28,72,2993,347,12825,12825,1150,3225,100,500,1500,85,12.2,89
1,9557,1605,1160,72,95,4236,,,,,,,,,40,8.2,88
1,2186,1835,1263,,,2796,2391,2028,5604,,,,450,950,45,10.5,88
2,2135,1700,491,23,59,1708,689,12000,12000,,,125,500,500,93,13.8,88
2,1170,695,238,14,48,1170,429,7470,7470,4600,,260,250,1400,74,15.3,88
2,3495,1712,528,49,84,1915,123,18732,18732,3297,2907,190,450,1024,94,11.5,88
2,2212,1538,408,44,75,1445,1,19240,19240,1640,2050,610,750,480,95,11.1,88
2,700,595,278,19,35,1035,182,10850,10850,2110,1826,60,500,900,62,12.3,88
2,1334,1243,568,30,56,1946,95,12140,12140,2355,2095,75,425,1100,74,15.1,88
2,1860,767,227,71,93,887,1,17000,17000,3160,2850,140,500,850,99,9.6,87
1,950,713,351,42,72,1276,9,14320,14320,3080,2224,866,490,1410,77,14.9,87
2,604,562,328,25,50,1048,56,9800,9800,1200,1450,60,450,2800,61,12.5,87
1,19152,12940,4893,66,92,22045,1339,5040,15732,,,175,476,1600,90,11.5,87
2,3258,338,326,9,40,1277,195,,,,,120,600,500,53,14.3,87
2,1496,1205,428,26,57,1648,936,12888,12888,,,,420,840,62,13.9,87
2,3014,2539,487,31,68,1889,62,18700,18700,2600,2400,125,595,1250,87,11.2,87
2,1456,1053,381,20,45,500,541,10910,10910,2410,2750,500,400,1795,66,15.6,87
2,360,314,155,37,64,848,1542,5400,5400,1330,1940,130,500,,48,14.4,87
2,3712,2153,806,17,45,2677,714,12030,12030,6140,,590,1000,500,63,12,86
2,245,208,125,23,46,544,436,11800,11800,4765,,400,450,1700,71,11.3,86
2,3270,2120,508,46,80,1748,40,24940,24940,,,,590,730,93,10.9,86
2,1305,1100,334,42,64,1098,151,16260,16260,2070,1935,280,300,500,91,12.1,86
2,3767,3414,1061,30,58,4531,643,10870,10870,2540,,80,2000,1522,75,14.4,85
2,1432,920,548,56,84,2200,56,11480,11480,2440,1760,,530,1400,81,12.7,85
2,833,682,217,12,33,716,2196,9985,9985,,,295,500,800,53,27.2,85
2,2967,2836,876,30,60,3450,644,10628,10628,2416,1956,336,650,2055,85,6.5,85
2,2753,1820,505,31,56,1801,45,18720,18720,2960,2770,420,650,825,90,11.5,85
2,1690,1366,662,30,61,2718,1460,10995,10995,2235,2175,585,1000,1000,68,17.6,85
1,9239,7788,3290,35,39,13606,807,3740,8856,1860,2100,798,500,1382,81,17.6,85
2,1386,1060,320,28,56,965,502,13850,13850,4755,,395,400,1125,84,12.3,85
2,1082,832,302,34,63,1133,30,11859,11859,1711,1924,892,554,1429,80,13.4,85
2,3768,2662,753,42,64,3558,436,13592,13592,3276,2640,176,545,1328,84,14.2,84
2,3207,1577,490,56,87,1892,7,17142,17142,2114,2076,120,450,1200,85,11.3,84
2,980,807,350,10,25,872,448,9890,9890,2450,2224,405,500,1350,52,14.4,84
2,807,707,308,39,63,1198,605,8840,8840,1950,1000,100,750,1290,74,13.1,84
2,4186,2743,740,48,77,2819,62,19380,19380,3500,3250,450,410,1000,90,9.8,84
2,1800,1314,526,47,79,1891,40,19300,19300,2800,2900,735,750,750,79,9,84
2,427,385,143,18,38,581,533,12700,12700,5800,,275,450,700,81,10.3,84
2,300,171,132,,,303,3,16900,16900,2880,2740,2000,400,900,76,8.2,84
2,723,652,361,10,30,951,706,7800,7800,4000,,100,350,1500,36,22,84
2,180,171,74,19,39,562,18,10430,10430,,,,400,500,55,11.6,84
2,2929,1834,622,20,56,2738,1662,12600,12600,2510,3100,170,450,3160,90,15.1,84
1,1500,1242,611,12,36,2024,292,3076,7070,830,1609,264,400,779,95,17.1,84
1,4350,2178,756,39,78,2997,736,2026,6490,2712,2230,1180,650,2102,75,17.6,84
2,1910,1380,463,16,64,1715,106,13030,13030,2310,3550,135,500,750,79,14.5,84
2,1916,507,210,98,100,912,,16695,16695,,,210,735,3466,100,6.5,83
2,3708,1678,722,41,66,2852,153,7050,7050,3140,2350,1420,250,600,71,17.8,83
2,2039,1389,432,56,91,1333,30,15688,15688,2120,2498,374,400,400,88,9.5,83
2,3050,1342,471,55,86,1818,23,14360,14360,1760,2330,125,400,650,77,12.9,83
2,2362,2037,700,40,68,2607,148,13130,13130,2480,2170,65,500,1600,77,10.9,83
2,2248,1673,745,38,73,2888,105,14350,14350,2050,1700,,550,550,82,10,83
1,14596,5985,3331,75,92,14609,1100,874,8400,2040,2160,606,550,1200,88,8.9,83
2,2153,1580,321,56,84,1192,87,18432,18432,3224,2342,510,520,660,93,10.2,83
2,946,648,177,23,46,707,432,11790,11790,,,60,500,1000,75,11.9,83
2,1380,768,263,57,82,1000,105,19300,19300,4816,1878,264,600,700,89,6.1,83
2,1747,1382,449,34,66,1662,960,13050,13050,4000,,135,500,800,64,12.1,83
2,553,452,228,22,49,1301,242,9650,9650,2200,2200,260,600,1000,57,14.9,83
2,4778,2767,678,50,89,2587,120,19670,19670,2920,2900,126,575,1119,77,10.1,83
2,2936,2342,669,35,62,2502,66,15990,15990,1785,2295,,600,825,73,14.5,83
2,1959,1805,695,24,47,2849,1107,11520,11520,2600,2360,10,600,1250,73,13.3,83
2,3596,2466,575,42,78,1944,46,19964,19964,2180,2148,90,500,500,94,12.1,83
2,2519,1836,462,30,61,1656,352,16975,16975,2360,2205,,600,850,76,12.8,83
2,2519,2003,776,39,71,2473,1314,12750,12750,,,275,350,1690,84,17.4,83
2,872,722,154,14,36,601,36,10194,10194,1600,1000,300,500,1500,57,11.4,83
2,7791,4690,1499,71,92,5500,90,17865,17865,4132,2393,964,630,952,93,5.8,83
2,1603,1392,504,31,68,2580,302,13312,13312,2240,2248,,600,1516,78,11,83
2,2307,1896,509,19,51,1707,1889,11070,11070,4090,1690,320,400,600,71,14.8,82
2,1994,1656,495,50,80,1983,36,14300,14300,2510,2510,200,550,950,78,11.1,82
2,350,283,82,9,34,367,406,10800,10800,,,550,500,,45,11.7,82
2,3466,2330,640,20,60,3095,1533,13800,13800,2730,2780,65,630,850,87,17.5,82
2,2768,2314,682,49,86,2802,86,15884,15884,2790,2580,346,530,730,92,15.2,82
2,857,772,376,25,58,1721,470,6720,6720,,,,450,1520,77,13.9,82
2,2198,1786,632,15,43,2556,1004,12600,12600,3640,2770,,500,700,84,19,82
2,2161,1951,685,56,82,2371,175,13440,13440,2096,1952,134,600,1250,92,13.5,82
2,1445,966,326,46,83,1129,24,15350,15350,2010,2070,175,450,810,89,10.3,82
2,838,673,292,22,53,881,55,10265,10265,2215,2510,1000,560,875,68,13.2,82
2,486,440,227,19,48,903,59,9650,9650,1900,1900,,600,1300,46,11.4,82
2,765,646,226,30,60,809,32,8578,8578,1920,2488,622,700,1600,79,13.9,82
2,497,393,169,,,1364,454,6870,6870,,,370,400,1125,56,14.2,81
2,434,321,141,28,53,624,269,10950,10950,,,95,550,950,79,12.9,81
1,14939,11652,5705,52,88,25422,911,2760,7560,1780,2794,920,500,1982,87,17.4,81
2,1784,1512,913,29,56,3401,136,10230,10230,1570,2140,,400,1210,75,14.8,81
2,484,386,141,6,28,590,1196,9870,9870,4860,,220,600,1100,59,12.2,81
1,5042,2312,944,55,94,5167,902,3116,5391,,,896,700,1000,81,14.4,81
2,4293,2728,591,25,62,2322,263,18710,18710,3170,2515,215,500,700,87,12.7,81
2,2762,2279,533,32,60,1835,14,16900,16900,2600,2120,820,500,600,88,11.6,81
2,1310,1086,458,26,61,1365,144,12250,12250,1400,2130,700,400,1150,85,16.7,81
2,1561,1188,458,48,72,1548,840,13380,13380,1880,2330,598,500,900,89,17.8,81
2,2417,1843,426,36,70,1476,299,14190,14190,2200,2200,400,500,750,65,12.8,81
2,422,305,160,30,56,781,240,9810,9810,4160,,180,400,,52,17.5,80
2,150,150,121,15,15,338,33,6900,6900,4851,,165,800,1500,24,15.9,80
2,1025,707,297,22,66,1070,72,10100,10100,1750,2390,210,450,1080,69,16.3,80
2,1981,1541,514,18,36,1927,1084,12500,12500,2750,3450,175,375,1000,73,16.8,80
2,4076,3137,738,25,54,3010,184,12990,12990,,,190,600,900,86,14.7,80
2,1321,1159,328,15,36,1243,79,12850,12850,3100,3100,,550,900,77,12.8,80
2,1709,1385,634,36,72,2281,50,14125,14125,3600,,35,400,700,79,12.5,80
1,1024,1024,547,5,17,1830,490,1575,2670,1484,1184,210,500,,62,25,80
2,440,434,252,22,50,764,38,7896,7896,,,610,450,1200,54,11.1,80
2,546,447,189,16,42,873,683,11138,11138,1978,2160,330,600,1200,40,14,80
2,4200,2874,942,30,55,4740,1646,14235,14235,6965,,170,600,1735,86,14.4,80
2,481,401,185,16,40,1402,579,8800,8800,,,345,800,6900,38,9.7,80
1,14463,6166,1757,60,94,8544,671,2650,6550,2690,1908,360,700,1000,83,18,80
2,8766,5498,1243,56,75,5071,438,17840,17840,3978,2604,410,500,882,93,5.9,80
2,1038,839,227,30,63,973,306,15595,15595,2400,2000,200,300,500,79,11.3,80
2,1005,859,298,36,55,1075,43,14850,14850,2250,2210,110,450,420,97,12.7,80
2,996,866,377,29,58,1411,72,12065,12065,1980,1635,595,430,685,62,12.5,80
2,1121,926,372,43,70,1270,160,12660,12660,,,185,678,2424,80,16.9,80
2,2324,1319,370,52,81,1686,35,16560,16560,2980,2160,334,558,1152,91,10.5,79
2,1651,1412,336,,11,1411,1914,10600,10600,3120,1900,200,500,,79,15.6,79
2,1040,845,286,48,77,967,24,15747,15747,1806,2256,186,400,800,88,12.7,79
2,2887,2059,457,30,61,1928,296,17500,17500,2000,2200,440,500,950,94,10.5,79
2,1003,782,295,23,53,1144,160,16160,16160,,,518,500,1200,74,8.9,79
2,920,745,347,35,66,1133,42,11090,11090,2600,2100,210,400,750,80,12,79
2,935,858,345,22,50,1127,754,9490,9490,4100,,270,500,1500,60,10.7,79
2,1768,1249,380,51,93,1263,11,16900,16900,5680,,635,450,750,89,19,79
2,1910,838,285,50,85,1004,15,19264,19264,,,496,750,750,98,10.4,79
2,2688,2081,500,25,53,1792,5,19029,19029,2877,2964,431,600,600,99,12.1,79
2,2432,1730,563,20,63,2578,254,12370,12370,6800,,972,500,1800,92,13.6,79
2,922,729,244,37,66,1000,275,14067,14067,,,270,400,1000,75,10.6,79
2,1399,1026,308,44,77,1131,17,14900,14900,,,180,500,800,82,11.6,79
1,1257,940,363,9,22,1547,294,3660,7656,2598,2092,570,400,700,89,14.7,79
1,7663,6008,1735,18,51,7353,1674,6210,15516,3148,1780,442,500,990,87,9.9,79
2,1160,991,352,19,55,1357,737,12200,12200,1990,1890,110,480,930,74,17.8,79
2,2643,1611,465,36,80,2615,248,13332,13332,3177,3177,120,630,1584,88,16.1,78
1,19873,8252,3215,95,100,19532,2061,3949,11648,,,,636,1933,93,15.8,78
2,860,688,285,32,70,1928,442,13306,13306,1997,1800,,450,950,62,8.8,78
2,663,452,192,10,35,1481,1160,8840,8840,3060,,,500,1000,69,17.4,78
2,1358,1006,274,35,63,1028,13,15036,15036,1899,2157,273,600,600,90,10.6,78
2,876,802,367,14,35,1263,118,10800,10800,1700,1900,100,400,820,68,18.8,78
2,444,359,122,34,53,493,968,10900,10900,,,500,380,1000,68,11.4,78
2,1489,1313,375,13,45,1688,131,10456,10456,2312,2615,395,500,1050,91,17.7,78
2,1979,1739,575,42,68,1980,144,15948,15948,2190,2214,822,400,800,82,12.8,78
2,1557,1074,397,15,40,1805,433,9813,9813,,,623,425,1000,45,16.7,78
2,222,185,91,16,41,484,541,11010,11010,3084,2124,260,550,500,58,10.4,78
2,235,217,121,12,32,931,487,8950,8950,,,,550,1125,51,10.7,78
1,22165,10435,3591,93,100,21637,1255,,7689,,,3894,850,1255,97,11.8,77
2,2799,2573,839,34,65,3322,726,13420,13420,2148,2422,,560,1675,88,15,77
2,1549,1392,587,38,72,2269,85,13240,13240,1850,1710,,600,400,73,13.8,77
1,4144,3379,1853,18,52,10135,1448,2291,6197,1318,1612,164,595,2380,78,16.3,77
2,979,638,271,31,70,968,20,16880,16880,1740,2230,230,920,1320,91,10.7,77
2,422,367,218,13,40,1700,2902,8580,8580,5100,,80,600,,75,12.2,77
2,2096,1626,694,35,67,2551,407,11800,11800,2520,1820,200,700,960,60,15.8,77
2,4750,4041,795,,,1501,334,9810,9810,6890,,290,300,,32,13.5,77
2,1151,813,248,40,64,850,80,15588,15588,4114,2060,100,500,1200,78,9.2,77
2,511,411,186,23,51,1692,562,12224,12224,2290,2150,220,450,1000,63,11.5,77
2,2939,1496,452,56,86,1723,113,15909,15909,2480,2292,101,500,700,85,11.9,77
1,48094,26330,4520,36,79,21401,3712,3640,7410,2780,1986,1003,690,2009,90,19.5,77
2,2174,1953,557,35,68,2332,53,15960,15960,2622,2958,323,700,1300,95,15.8,77
2,478,327,117,9,34,731,370,11510,11510,,,390,575,1075,71,10.3,77
2,2302,1831,391,58,82,1345,59,15200,15200,2696,2072,158,550,1500,90,10.8,77
2,1243,947,324,50,77,1129,74,17163,17163,1812,2079,290,525,975,76,10.1,77
2,5152,4600,1685,36,71,7016,804,11610,11610,,4760,150,600,1950,86,13.5,77
1,1087,702,625,,40,3772,1034,1704,2970,1336,1200,20,500,,62,19.4,76
1,16343,11399,3124,95,100,15429,1888,,7699,,,4374,841,2374,,14.5,76
2,292,241,96,20,52,543,712,12200,12200,2200,2400,200,650,950,87,11.2,76
1,5597,4253,1565,12,38,9161,845,1902,5710,,,782,120,1730,62,16.2,76
2,1127,884,308,30,64,1310,766,11718,11718,,,120,450,1800,73,16.4,76
2,1888,1347,519,,,2160,131,9438,9438,2100,2200,432,,,55,12.8,76
1,6040,4577,1620,36,72,5640,266,2704,4856,3080,,118,400,1100,69,15.7,76
2,1498,1275,292,,17,1557,2973,10608,10608,2760,1980,408,400,900,34,38.4,76
2,348,281,127,12,52,1095,785,9150,9150,1750,2200,130,500,800,56,12.2,76
1,8598,4562,1143,56,93,5060,146,2650,6550,2620,1550,433,600,650,79,19.1,76
2,2652,1900,484,44,77,1707,44,17080,17080,2280,2160,260,400,600,73,9.9,76
2,737,614,242,21,67,968,237,10425,10425,3975,,,500,1500,61,14.7,76
2,141,118,55,12,21,201,173,8300,8300,,,100,450,1300,53,9.5,76
2,780,628,198,7,20,545,42,11750,11750,,,300,400,850,77,14,76
2,605,405,284,24,53,961,99,6398,6398,1450,2222,148,400,1350,68,13.3,75
2,1754,1465,505,24,49,2159,211,13712,13712,3622,2786,460,526,1100,90,9.3,75
2,14446,10516,3252,22,57,14130,4522,3690,10220,2280,1950,410,530,1300,82,18.3,75
2,544,399,177,15,35,600,363,6987,6987,,,285,750,1500,77,12.5,75
2,528,403,186,22,56,1168,145,9216,9216,4191,,80,400,1000,56,12.1,75
2,1444,1261,456,29,62,1788,95,11910,11910,,,91,450,965,60,11.4,75
2,607,558,269,22,47,1222,519,10500,10500,,,150,650,1500,81,11.6,75
2,150,130,88,23,50,341,768,10300,10300,1590,2540,400,500,1700,44,10.2,75
2,457,356,177,35,61,667,1983,11180,11180,,,100,600,700,64,11.5,75
2,356,312,139,18,65,388,412,8850,8850,2300,2150,200,600,1000,29,21.8,75
1,9750,7640,2529,24,62,10358,1338,3550,11180,1648,2214,830,650,2450,89,17.5,75
2,7259,5526,1368,23,52,5612,166,14424,14424,3062,3130,,634,1000,58,11.5,75
2,1416,1015,417,10,44,1324,117,13500,13500,5800,,,585,1700,67,13.2,75
2,2190,1700,458,36,65,1780,48,16732,16732,2860,2790,,550,550,93,12.1,75
2,2830,2374,1003,34,64,4253,942,10578,10578,2258,2856,750,550,,84,13.8,75
1,6773,3028,1025,15,55,5847,946,3086,7844,1650,1298,608,500,1680,66,18,75
2,604,452,295,15,47,690,222,9888,9888,1846,2670,185,400,1000,64,12.1,75
2,440,407,149,35,70,643,80,12050,12050,,,,500,900,63,10.2,75
2,1501,935,273,51,83,1059,34,12680,12680,,,,605,1440,91,15.3,75
2,342,182,135,12,32,538,228,7540,7540,,,,600,1400,38,11.4,75
2,460,340,167,14,45,604,350,10740,10740,1838,1838,225,350,900,67,11,74
2,465,361,176,19,39,879,156,12580,12580,2390,1955,,400,970,76,13.1,74
2,1013,888,288,55,82,943,7,11850,11850,2120,2150,350,600,900,95,11.4,74
2,7033,5125,1223,47,75,4941,1534,19040,19040,2690,3260,510,350,800,98,9.1,74
2,399,335,161,,25,736,29,13472,13472,5528,,,400,,74,9.6,74
2,1224,1101,338,55,84,1218,,16179,16179,2667,2427,70,510,780,75,12.4,74
1,572,544,320,45,72,1470,416,2013,6073,1260,2140,,550,1400,71,16.4,74
2,707,512,222,17,44,1671,1512,7350,7350,,,322,600,1500,52,13.6,74
1,13528,9198,1843,16,61,10168,1231,2650,6550,2950,1405,295,700,1560,93,17.4,74
2,8728,5201,1191,60,89,4265,291,17900,17900,3520,2170,100,450,1250,86,9.2,74
2,776,607,198,25,58,791,764,14340,14340,,,,500,1000,58,11.7,74
2,668,534,237,19,39,1306,258,9476,9476,2800,2020,44,500,1100,67,20.1,74
2,622,354,169,14,41,1145,1148,8800,8800,,,200,675,1500,44,11.2,74
2,1232,955,303,23,58,1241,485,14990,14990,2130,2600,180,550,1250,86,15.2,74
2,1179,780,290,38,64,1130,638,9690,9690,2495,2290,60,600,1000,60,13.3,74
2,1771,1325,306,21,46,1071,27,13840,13840,1850,1885,325,400,900,77,10.7,74
2,1721,1068,806,35,75,3128,213,5504,5504,1650,1878,1016,700,910,71,17.7,73
2,1133,630,220,37,73,750,30,17688,17688,3192,2708,1548,650,850,100,10.4,73
2,855,632,139,60,83,569,7,17238,17238,3500,3850,112,600,800,95,8.2,73
2,1498,1219,306,26,63,1369,1587,16530,16530,2795,3410,405,600,,81,8.9,73
2,1557,1227,489,37,69,1964,81,12315,12315,2165,2400,555,600,1365,85,12.5,73
2,246,217,171,,,674,472,4400,4400,,,95,534,,72,16.1,73
2,1899,1720,489,37,68,1594,32,13868,13868,2426,2400,1042,450,850,89,13.7,73
2,1732,1425,472,37,75,1830,110,16548,16548,2808,2598,424,500,600,82,11.3,73
2,2083,1725,430,22,49,1464,67,17480,17480,2250,2530,300,500,700,75,12.3,73
2,1109,922,375,24,46,1115,70,13240,13240,1634,2280,386,600,800,73,13.4,73
2,1163,850,348,23,56,878,519,12850,12850,5400,,260,400,800,78,12.2,73
2,342,254,126,25,64,518,232,10335,10335,,,260,700,850,71,8.3,73
1,8065,5257,2301,37,65,11755,770,3036,8116,1890,1720,,800,1618,82,18,73
2,1239,1134,611,,,1957,343,5775,5775,1450,1890,1110,500,1700,97,16.2,73
1,15712,11719,4277,29,53,18511,604,3926,10260,,,,740,2200,85,13.8,73
2,647,518,271,17,43,1014,387,9140,9140,1590,1815,70,500,2245,51,10.7,73
2,805,588,287,67,88,1376,207,11660,11660,2050,2430,120,400,900,74,14,72
2,657,537,113,37,90,1039,466,12474,12474,5678,,425,630,1278,53,11.9,72
2,7875,5062,1492,38,71,5471,1470,17450,17450,3998,2330,720,700,950,92,7.6,72
2,990,784,279,18,45,1811,3144,11290,11290,5360,,240,600,1800,76,12.6,72
2,440,396,221,26,51,910,166,9420,9420,1800,1930,,600,1230,51,9.9,72
2,800,623,256,41,76,801,5,12925,12925,1480,2715,250,500,635,78,9.9,72
2,20192,13007,3810,45,80,14971,3113,18420,18420,3920,2890,270,475,1025,80,11.9,72
2,699,565,176,36,64,710,399,13960,13960,,,150,450,690,82,14.4,72
2,823,347,237,,52,1055,803,7400,7400,,,90,600,2910,39,10.2,72
2,1712,1483,624,37,69,2505,208,12275,12275,1980,2361,84,465,1100,72,12.5,72
2,938,864,511,29,62,1715,103,12247,12247,1971,2250,88,500,600,70,13.1,72
2,672,596,278,29,60,1350,275,11844,11844,,,75,450,1146,54,11.6,72
2,910,776,208,,,618,40,14090,14090,2980,2415,,400,1000,,12.9,72
2,585,508,153,12,30,460,536,12292,12292,2370,2564,120,500,500,61,22.2,72
1,1879,1216,483,27,62,3311,1646,4188,8832,3764,1612,792,700,1850,92,13.5,72
2,1758,1485,419,27,58,2041,174,12040,12040,1750,2350,80,600,1100,92,13.2,72
2,707,614,168,10,30,801,464,8374,8374,4000,,,,,42,10.8,72
2,1286,1005,363,16,37,1363,74,13900,13900,2250,2050,,500,900,75,14,72
1,5818,3281,1116,14,53,5268,300,3086,7844,1952,1552,770,450,1700,80,18.8,72
2,4301,3455,1166,41,69,4892,387,12772,12772,2652,2426,,576,1802,74,13.5,72
2,1243,1020,414,33,60,2149,418,8678,8678,,,330,700,1736,82,16.2,72
2,6075,5349,2367,34,66,9919,484,6450,6450,2230,1690,570,600,1346,71,18.5,72
2,602,498,215,26,58,795,74,13470,13470,3225,2290,234,500,850,78,11.1,72
2,2227,1790,437,27,54,1460,239,13425,13425,,,,450,1200,85,13,72
2,1861,998,359,45,77,1220,46,16670,16670,2650,2250,155,750,800,80,10.5,72
1,14901,10932,4631,36,80,23945,2200,2737,9096,2050,2240,,535,1545,93,11.5,72
2,903,755,213,15,49,971,305,10500,10500,2100,2445,,600,600,66,14.1,72
2,125,87,67,22,59,208,,13400,13400,,,,300,1400,68,10.9,71
1,5099,466,277,72,97,930,,,,,,,,,31,8.3,71
1,9735,7187,2064,23,63,12478,1660,3824,11656,2552,2520,888,700,2300,89,16,71
2,1879,1658,497,36,69,1950,38,13353,13353,1622,1622,93,540,821,78,12.7,71
2,261,192,111,15,36,453,266,9690,9690,4300,,140,500,500,57,9.7,71
2,513,347,279,23,48,2508,505,9090,9090,4500,,,650,500,62,18.3,71
2,1738,1373,417,21,55,1335,30,18460,18460,2900,3070,120,700,850,92,13.2,71
1,18114,15096,6180,23,57,26640,4120,4103,10658,1646,2088,524,504,600,93,14,71
2,1093,1093,642,12,32,1770,967,7070,7070,1170,1330,152,400,1000,52,15.9,71
2,13594,7244,2505,70,86,12408,2814,17748,17748,,,991,450,1000,87,7.8,71
1,942,356,283,44,96,987,,,,,,4090,,75,68,12.8,71
2,599,494,224,8,28,1035,446,10518,10518,,6250,480,300,300,59,16.5,71
1,6011,3075,960,22,60,5146,1532,3086,7844,2200,1630,834,450,1258,72,16.8,71
2,936,794,197,24,56,752,210,11240,11240,2090,2090,160,350,2000,71,11.2,71
2,1475,1257,362,7,20,1393,278,14200,14200,6500,,75,500,,64,9.6,71
2,948,798,295,42,74,1120,15,11280,11280,,,125,400,1150,81,13,71
2,773,694,230,,,942,224,11478,11478,2450,2338,645,500,900,80,14.4,70
1,7837,4527,2276,89,99,8528,654,1899,6489,4438,,444,795,1164,92,19.3,70
2,1641,1283,527,20,39,1663,170,11200,11200,,,,500,1200,61,14.2,70
2,1016,872,300,27,57,1116,602,11250,11250,2130,2850,155,550,1400,66,15.8,70
2,897,718,276,12,48,1345,390,10450,10450,2310,1710,10,500,1500,56,14.1,70
2,759,729,244,57,81,867,51,10900,10900,2480,1970,450,500,1000,81,12.1,70
2,516,409,200,17,40,1238,30,8770,8770,3500,,590,450,700,58,17.3,70
1,7304,6263,2539,,,13244,1396,2725,6660,,,250,600,1000,66,20.4,70
2,933,800,444,18,45,1691,72,12247,12247,2160,1921,88,500,600,76,12,70
1,7313,4664,1910,20,63,9940,1035,740,6806,1420,1120,718,96,2000,83,18.3,70
2,3586,2424,730,16,31,2748,1309,13250,13250,,,215,700,3100,84,12.3,70
2,962,750,212,21,54,830,150,14700,14700,3600,2950,410,450,400,97,11.3,70
2,4996,4165,936,53,82,4291,16,17475,17475,,,550,1230,1100,94,15.4,70
2,7178,3755,1433,25,63,4623,740,7161,7161,1838,1680,603,600,2000,60,14,70
2,1756,1500,366,3,21,1524,280,12450,12450,2900,2500,100,450,870,62,12.4,70
1,7548,6791,3070,25,57,16262,1716,2100,6300,,,,600,1908,85,16.7,69
2,940,668,385,20,48,1316,139,11925,11925,1590,2235,,630,1926,48,12.3,69
1,16663,14141,3239,90,100,15638,693,,11218,,,4372,630,2045,96,18.9,69
2,4613,3587,1048,35,77,4545,873,15934,15934,2440,3960,210,450,800,,13.6,69
2,1415,714,338,18,52,1345,44,5120,5120,1260,1940,,500,2140,52,18.1,69
2,328,243,93,,,663,340,9980,9980,1500,2140,210,500,2980,44,12.3,69
2,1487,1276,388,26,51,1417,1646,11120,11120,4080,,30,525,1405,55,11.1,69
2,1420,1093,220,9,22,1018,287,8700,8700,4780,,480,450,1400,78,14.7,69
2,2007,1808,829,30,61,2917,82,10110,10110,1760,1405,100,450,800,,13.4,69
2,1056,873,385,15,38,1111,244,6950,6950,1900,1650,600,600,,60,11.9,69
2,2533,937,620,,,2360,144,9192,9192,649,1089,100,250,500,71,14.4,69
2,4731,3171,830,12,31,3557,658,10700,10700,2400,3525,290,550,1200,74,17.6,69
2,318,240,130,40,85,416,19,14900,14900,,,,600,500,93,8.3,69
2,2100,1883,553,29,65,1704,1,16240,16240,2160,2530,,500,500,84,11.1,69
2,2774,2092,482,35,64,1763,59,15800,15800,2390,2400,,450,950,97,12.3,69
2,268,253,103,16,44,494,1305,10000,10000,5364,,170,500,1000,56,11.2,69
2,1046,824,284,21,45,1223,451,10880,10880,5050,,860,400,1235,64,19.3,69
2,761,725,306,21,58,1337,300,10990,10990,1622,1622,125,600,1021,66,10.4,69
1,14474,10519,6392,49,85,31643,2798,840,5130,1772,1640,751,600,2144,89,23.1,69
2,817,644,307,20,40,945,1,13218,13218,1903,2870,415,660,600,95,13.3,69
2,1886,1524,526,31,67,2523,296,13000,13000,4450,,100,600,2400,78,14.7,69
2,1320,923,284,26,54,1085,81,16304,16304,1748,1868,170,355,715,87,11.1,69
1,1490,1490,771,21,47,2942,997,1440,2880,2400,,80,500,,58,19,68
2,12229,8498,2477,45,71,13259,1429,17230,17230,3566,2916,330,600,2210,90,11.4,68
2,1381,1040,374,20,44,1506,970,8025,8025,2100,2765,605,400,650,65,17.4,68
2,860,811,366,22,56,1040,52,9900,9900,1750,1325,,300,1800,68,14.9,68
1,16587,13243,5873,25,72,24763,2717,2984,9766,,,389,600,2000,77,21.3,68
2,589,575,148,16,40,474,258,8400,8400,1850,1400,120,500,1400,63,12.4,68
1,14438,12414,3816,12,39,16282,1940,2220,8566,1712,2185,3247,500,1400,88,16.7,68
2,1267,1080,385,44,73,1306,28,12572,12572,2226,2326,297,400,400,79,15.3,68
1,3073,2672,1547,9,29,9649,1792,2600,4300,2643,,300,450,1660,57,19,68
2,856,698,310,,,1617,102,11050,11050,1780,2220,,,,60,12.1,68
2,560,392,270,11,31,743,118,8734,8734,1966,1396,85,600,625,56,11.3,68
2,695,535,239,21,30,988,785,10200,10200,7000,,125,350,1100,63,11.7,68
2,4704,3798,1381,30,59,7176,2578,13968,13968,2604,3066,261,500,875,,10.8,68
2,325,260,86,21,47,699,717,9600,9600,2270,1932,210,450,750,39,10.5,68
2,1092,890,477,27,92,847,497,8670,8670,,,300,500,1450,42,11.3,68
2,1966,1436,327,47,80,1199,61,19960,19960,2690,2800,150,500,450,90,11.8,68
2,1658,1327,395,49,80,1595,159,14800,14800,4620,,90,400,790,91,13.3,68
2,395,318,166,,,807,1011,9358,9358,4264,,292,500,1000,58,10.9,68
2,1538,1259,468,19,42,1664,1042,11690,11690,2596,2466,40,600,1664,48,12.9,68
2,696,616,169,35,66,653,56,13970,13970,6110,,120,370,920,88,9.2,68
1,904,683,349,16,34,1191,,2980,9020,,,1420,600,1000,84,11.1,68
2,1470,900,287,20,49,1130,417,10900,10900,2800,2300,150,500,550,70,15.7,68
1,1801,1101,438,14,50,3065,363,1785,6297,,,60,600,1323,75,18.1,68
2,167,142,89,9,41,414,165,6500,6500,3000,,490,500,,38,10.7,67
2,2974,2001,580,29,60,2666,554,15192,15192,4695,,330,400,1350,84,15.9,67
2,792,649,186,56,87,769,377,12900,12900,4340,,60,600,4110,91,13.1,67
2,1283,1113,401,31,65,1355,40,10938,10938,1638,2022,141,650,600,76,13.5,67
2,1006,742,275,29,60,1127,205,13925,13925,2400,1990,125,500,2200,73,12.7,67
2,1231,1074,345,34,66,1295,105,11600,11600,1940,1670,120,400,850,66,12.4,67
1,21804,18744,5874,29,60,26213,4065,2884,9556,,,,570,1060,86,18.2,67
2,920,684,225,24,42,815,222,11200,11200,4250,,330,600,950,55,14.8,67
2,354,323,125,,10,372,28,15190,15190,3240,3240,675,400,500,46,8.9,67
2,700,650,314,33,66,1065,48,8730,8730,1824,1699,272,500,750,82,13.2,67
2,3294,2855,956,44,67,4576,1140,11690,11690,2300,2430,80,800,6800,84,4.6,67
2,771,643,229,14,37,1135,505,7420,7420,1720,1720,330,500,,55,13.7,67
2,949,786,302,30,70,1210,26,9990,9990,1850,1700,310,500,1500,85,15,67
2,861,609,215,10,27,1117,815,8650,8650,,,150,500,1750,69,16.1,67
2,10477,7260,2442,28,67,10142,117,15150,15150,3620,3250,360,635,960,73,11.3,67
1,9251,7333,3076,14,45,13699,1213,3070,7452,1968,1384,660,600,1700,81,21.1,67
2,3877,3156,713,71,93,3051,513,15700,15700,2960,1770,125,525,1460,95,2.9,67
2,709,602,225,15,37,1372,611,10230,10230,,4110,180,500,1000,59,13.3,67
2,1631,1431,434,15,36,1803,603,11150,11150,3100,2030,418,550,1260,78,13.3,67
2,167,130,46,16,50,199,676,11428,11428,2509,,118,450,475,67,8.3,67
2,659,557,167,47,74,532,35,10485,10485,1760,2080,660,475,1246,76,13.5,67
1,2807,2589,1701,13,37,7000,1103,1454,3811,1120,1070,1024,500,1970,62,15,67
2,1096,951,464,27,62,1776,239,8150,8150,1260,1890,450,400,500,61,13.6,67
2,1244,912,352,44,77,1177,43,11850,11850,2150,2525,,600,1050,83,11.3,67
2,1217,1088,496,36,69,1773,884,11505,11505,2055,1200,,1000,2075,35,16.7,67
1,4191,3090,1375,17,46,7198,998,2355,7142,1620,1338,,300,1230,,19.2,67
1,4400,3719,1472,12,38,7804,1552,2300,6950,2500,,,300,1200,90,23.1,67
2,1566,1400,483,28,55,1509,170,14200,14200,1750,2025,,450,1100,58,16.4,67
2,3821,2037,680,86,96,2488,625,18200,18200,3750,3020,70,500,700,95,11.6,66
1,15698,10775,2478,85,100,12677,864,4325,12024,,,,790,1818,96,16.1,66
1,19433,11469,2481,95,100,13738,711,,7699,,,4128,630,1935,100,13.9,66
2,3934,2735,886,40,70,3698,217,13600,13600,,,100,630,1820,93,15.6,66
1,14063,9320,3436,28,65,18465,1541,2230,12563,3811,,459,540,2319,90,19.9,66
2,5081,4040,1194,11,26,3768,1415,14220,14220,2300,3700,690,500,1440,61,10.7,66
1,12445,8836,3623,54,85,24470,3286,1820,7090,1960,2220,,630,1530,88,13.4,66
1,3306,2079,1071,42,89,10208,9310,1695,6597,2494,,80,800,3028,81,13.9,66
2,808,594,218,,,756,502,9490,9490,2248,1644,110,400,880,65,10.5,66
2,495,434,210,35,55,775,44,8950,8950,1470,2020,306,600,1900,86,11.3,66
2,674,565,282,25,54,1151,39,12200,12200,1470,2600,520,400,1200,73,14.2,66
2,75,75,47,,,263,127,3660,3660,690,1400,272,500,2310,33,11.3,66
2,979,743,259,25,46,1188,166,10100,10100,1740,2260,510,400,1000,88,12,66
2,4892,3530,913,13,33,3906,1446,10690,10690,,,270,570,1150,66,16,66
2,1368,1064,354,19,51,1687,677,10570,10570,3550,2050,190,400,800,86,14.5,66
1,4877,2798,814,13,48,4123,298,2650,6550,2500,1920,359,620,1481,82,16.3,66
2,1454,1267,424,20,41,1874,757,11431,11431,2467,2217,260,600,1700,43,17.4,66
2,1107,859,323,13,51,1452,402,11040,11040,2250,2250,400,600,700,65,11.8,66
2,875,744,207,7,38,1173,1402,9700,9700,4830,,350,400,1200,45,14.5,66
1,8586,6383,2503,25,59,13138,4289,4962,10786,2760,1800,454,400,900,93,7.8,66
2,1183,1016,411,42,82,1922,704,12669,12669,,,85,600,1250,83,16.8,66
2,2267,1827,611,20,59,2825,144,6735,6735,3395,,,600,1425,70,12.2,65
2,910,773,450,31,73,1310,61,6530,6530,2800,,100,500,1500,63,13.3,65
1,3467,2190,565,,,5637,678,1599,9979,4200,,1467,600,800,80,16.4,65
2,2459,1997,582,36,66,2664,299,16320,16320,,,330,646,1171,87,11.2,65
2,1292,956,315,,,1250,200,13900,13900,2450,3150,300,400,1100,69,19,65
2,3713,1237,443,47,83,1971,107,7000,7000,2565,3000,1222,660,2400,73,12.5,65
1,8427,7424,3441,26,59,18676,1715,2291,7550,3224,,162,640,2055,81,19.2,65
2,3579,2959,868,25,55,5244,3417,11500,11500,,,350,700,2000,94,6.2,65
2,1262,1102,276,14,40,978,98,9456,9456,,,186,468,1323,53,12.8,65
2,602,483,206,21,47,958,466,8620,8620,1900,2200,310,400,2250,58,11,65
1,3100,2150,825,3,20,3234,941,1408,5542,2600,1188,1746,500,1300,75,15.7,65
2,1209,942,214,31,60,822,46,15276,15276,2372,2946,,500,300,79,11.2,65
2,619,516,219,20,51,1251,767,11208,11208,4124,,,350,1615,55,12.7,65
1,2618,2288,1032,42,77,5524,414,3510,8127,1836,2142,126,900,1200,82,17,65
2,1006,825,328,34,73,1362,102,13252,13252,2026,2168,156,450,550,89,13,65
2,1202,1054,326,18,44,1410,299,13404,13404,2456,2704,210,450,1050,78,15.6,65
2,2220,1796,467,65,99,1919,334,10320,10320,,,420,450,650,68,14.2,65
2,7775,2836,2412,,,11785,1752,9400,9400,,,500,500,1350,72,29.3,65
1,5549,3583,853,9,40,5004,475,2650,6550,2520,1656,309,600,1380,80,17.9,65
2,1278,978,256,,,1525,798,12680,12680,,,90,525,1175,64,12.3,65
2,738,687,241,20,44,964,242,13780,13780,2004,2406,198,500,500,68,12.5,65
2,1383,1199,435,15,39,1380,846,11645,11645,2430,2100,,500,,,19.3,65
2,2464,1908,678,24,57,2693,691,10970,10970,1940,2340,50,500,1380,47,13.3,65
2,355,300,142,34,65,509,44,8664,8664,1630,1720,700,600,3000,65,10.7,65
1,14752,9572,5329,48,85,30017,5189,840,5130,1733,1576,1068,650,3140,91,19.7,65
1,12749,7025,3343,40,81,20356,4582,2907,8199,,,,708,2172,96,9,65
1,2593,1966,1030,9,32,6038,579,1916,6704,1404,1188,400,376,1750,78,21,65
1,1246,1246,553,8,22,1595,669,1782,4080,1488,1776,,600,2000,25,17.3,65
2,529,414,132,32,66,781,43,14100,14100,,3000,442,600,1370,,10.3,64
2,1538,1329,383,33,68,1140,10,15248,15248,1978,2345,125,550,800,71,12.2,64
2,368,317,159,20,49,806,542,10500,10500,2115,1440,100,500,2285,44,11.3,64
2,548,428,167,18,46,618,113,8958,8958,1862,1956,,300,1000,53,15.3,64
2,1006,837,317,33,65,1024,15,8200,8200,1540,1945,350,500,1200,84,10.6,64
2,1004,802,239,23,63,909,51,10440,10440,1960,1890,350,525,1450,63,11.8,64
2,484,384,177,9,45,634,78,7800,7800,2950,,,500,600,60,14.1,64
2,1480,1257,452,6,25,2961,572,9850,9850,6050,,,850,920,10,15.4,64
2,323,278,122,31,51,393,4,16150,16150,5450,,200,275,800,63,7.2,64
2,1209,750,265,19,54,820,159,11450,11450,5045,,500,900,2500,72,11.4,64
1,441,369,172,17,45,633,317,2700,6600,1830,1850,175,600,400,46,15.1,64
1,970,877,551,23,55,3105,2944,2916,9534,,,80,500,1000,70,17.7,64
2,4576,3565,1000,16,36,4384,1530,12000,12000,4358,2126,550,650,1000,81,14.4,64
1,4019,1579,710,23,65,4365,765,2288,3040,2775,1576,704,711,1125,78,19.5,64
2,2853,2193,753,16,34,2978,434,10750,10750,2750,2590,326,400,1130,90,14.6,64
2,983,664,249,23,57,1698,894,9990,9990,,,150,800,1500,66,14.3,64
2,1457,1045,345,27,50,1109,502,14990,14990,2860,2180,300,450,550,77,21.5,64
2,419,170,373,,,1022,169,,,,,,,,105,8.2,64
2,1307,1090,616,25,55,2196,82,7344,7344,2370,2040,126,570,1000,50,15.3,64
1,11023,8298,3183,21,54,14861,1310,3552,7629,2013,2082,357,550,2300,79,20.4,64
2,610,461,189,26,52,685,49,8200,8200,1600,1700,200,550,1000,63,12,64
2,4095,3079,1195,33,64,5064,660,8490,8490,1920,1400,990,650,2400,81,14.8,64
2,587,501,211,28,52,735,28,15200,15200,1840,2260,190,350,650,87,9.4,64
2,823,721,274,52,87,954,6,8800,8800,1935,1260,325,500,1200,82,13.1,63
1,4816,3922,1278,,75,11822,1343,,5904,2020,3030,1982,612,2100,,18.9,63
2,353,340,103,17,45,416,230,13290,13290,5720,,200,500,1500,90,11.5,63
2,1858,1221,480,37,68,1620,49,8050,8050,1960,1980,,350,2375,80,16.3,63
1,11220,7871,3320,43,79,19553,2748,1899,5697,1770,1830,453,525,1755,88,14.7,63
2,4815,3551,1227,30,58,6069,3719,11214,11214,1479,3453,30,600,,69,16.1,63
2,995,789,398,26,47,1306,122,6230,6230,3526,,32,400,600,42,13,63
2,1301,957,101,13,34,514,466,9500,9500,1950,1500,260,700,,47,13.9,63
1,1340,695,285,42,73,1315,209,4000,6800,4730,,915,675,1250,84,11.6,63
1,14292,10315,3409,22,53,19340,3991,2919,8723,2899,2247,561,550,1550,89,18.1,63
1,1796,1303,882,37,72,3493,3116,3440,10116,,,,466,1862,80,18,63
1,480,405,380,19,46,1673,1014,2244,4386,,,,600,1500,49,15.8,63
2,2087,1339,657,20,54,3191,1204,7550,7550,2790,,128,600,500,77,21.8,63
2,3624,2786,858,11,39,2933,334,9100,9100,1782,2101,150,490,1777,70,18.9,63
2,440,311,112,25,49,466,7,10000,10000,,,515,400,1100,65,11.4,63
1,8000,4556,1464,17,70,6943,869,2650,6550,2830,1980,311,500,1500,69,22,63
2,1002,857,606,,,1948,42,12584,12584,2892,1300,270,520,1390,86,5.2,63
1,6373,3264,1625,19,58,11375,1132,2954,7352,1200,1706,585,500,,77,20.6,63
2,2139,1492,502,24,64,2186,2171,12350,12350,,,,500,1350,88,12.6,63
1,3570,2215,651,17,41,3390,325,2954,7352,3620,,554,225,500,47,16.1,63
2,1190,978,324,12,30,1280,61,8840,8840,1800,1820,220,500,1200,57,16.2,63
1,19315,10344,3450,48,93,28938,2025,4966,10645,1840,2220,70,512,2394,77,18.1,63
1,2740,2497,1188,,,4828,605,3086,7844,1710,1214,792,550,1498,61,19.2,63
1,9643,7751,1968,12,40,8894,2456,3004,10330,3168,2390,1238,500,1250,84,16.6,63
1,7693,5815,2328,30,66,12594,3661,3196,8074,3522,,,495,2941,84,16.9,63
2,880,520,224,16,42,1068,364,9300,9300,1350,1910,120,600,900,81,11.1,63
2,681,588,246,44,74,1058,73,10760,10760,4030,2200,50,500,1200,85,13.4,63
2,1743,1625,626,8,29,1862,382,14134,14134,,5270,,500,800,71,13.1,63
2,4044,2826,688,51,83,2738,138,16230,16230,4500,,140,630,1800,79,15,63
1,9798,7566,1470,80,100,6922,265,,7699,,,4092,780,1350,98,13.4,62
2,2306,1721,538,23,48,4309,549,13226,13226,3846,2606,100,750,2450,86,13.6,62
1,1461,1097,580,10,22,2035,321,1772,4535,2754,,390,675,763,65,17,62
1,9224,8025,3262,23,52,15412,2878,2291,8149,,,164,640,2426,,13.1,62
2,495,465,275,18,35,695,193,7620,7260,998,1986,186,740,900,41,11.5,62
2,584,497,175,20,49,662,121,8000,8000,2300,1850,200,500,1300,57,11.3,62
2,1849,1228,492,19,51,2025,169,15200,15200,4590,3192,348,500,933,,18,62
2,1342,998,309,26,56,1079,,20655,20655,2000,3475,690,375,450,79,11.4,62
2,291,245,126,16,49,981,337,8390,8390,,,150,350,1500,45,21.5,62
2,662,553,184,20,43,665,37,10720,10720,1870,2180,200,600,1650,66,12.5,62
2,1412,1149,347,11,25,2045,359,7550,7550,2440,1610,750,600,,55,17.8,62
1,10634,7064,3176,39,78,16505,5481,874,8400,1640,1900,710,600,1300,92,17.5,62
1,5803,4441,1730,19,62,10099,3255,764,7248,,,693,600,1900,79,16.8,62
2,8256,3750,1522,37,70,5809,4379,11100,11000,1340,3420,350,660,1115,90,13.8,62
2,1132,847,302,58,89,1379,214,16200,16200,,,280,436,2486,90,10.4,62
2,895,548,314,20,54,1174,50,5500,5500,1590,1750,770,600,1600,68,16.1,62
2,315,242,108,,,410,15,7300,7300,2200,1750,390,450,,70,12.6,62
2,374,280,185,45,77,995,408,8550,8550,2000,1670,96,500,1344,75,12.6,62
1,2747,1870,724,12,47,2874,118,2606,7920,,,1640,550,2200,74,18.4,62
1,5702,4894,1742,15,37,8077,472,2924,6684,4110,,,500,900,73,19.6,62
2,1616,1427,434,20,43,1405,580,13125,13125,,,,500,1300,74,15.9,62
2,1680,1395,691,34,76,2959,402,8236,8236,3700,,,569,1650,74,14.7,61
1,4540,3294,1483,5,60,13494,1254,1802,7706,,,,600,1926,90,21.2,61
2,1154,1050,395,12,31,2192,1423,10560,10560,2030,2490,,500,1200,36,14.3,61
2,770,542,238,15,42,923,427,9990,9990,3822,,164,450,1540,38,10.4,61
2,404,400,169,28,48,797,100,6000,6000,3000,,130,500,500,48,13.4,61
2,1998,1376,651,41,88,1539,45,6700,6700,,,,500,2307,52,14.1,61
2,549,397,169,26,51,1343,1751,9250,9250,4550,,,425,1350,52,13.1,61
2,594,385,307,36,57,1695,721,5580,5580,1260,1210,308,600,700,77,16.5,61
1,3121,2446,822,5,19,3480,776,2590,7870,2727,1438,756,500,1150,73,16.1,61
2,285,246,126,20,45,411,,17430,17430,2790,2930,200,275,950,73,9.8,61
2,947,798,266,36,68,1274,471,10850,10850,5150,,200,550,800,77,13.6,61
2,3292,1317,707,,,3520,673,10258,10258,2950,2620,485,700,1250,75,21.6,61
2,3451,2934,1118,23,50,5306,1963,12348,12348,3630,2550,728,500,2280,,13.1,61
2,3304,2804,679,10,20,2111,1489,12520,12520,3060,2990,480,500,730,44,16.4,61
2,462,402,146,36,68,527,41,14500,14500,6000,,125,500,600,91,6.5,61
2,268,187,63,,,260,11,18375,18375,,,380,300,300,56,7.5,61
1,5548,3563,1549,30,71,8909,506,2406,8124,,,,639,2385,83,22.7,61
1,5729,4520,1957,20,52,8516,1264,2208,6996,1565,1140,1070,279,1260,80,19.3,61
2,563,247,247,23,52,1427,432,12950,12950,5300,,215,612,576,72,12.4,60
1,1508,1259,569,16,44,1922,232,1386,1672,1820,1910,374,520,2200,63,27.9,60
2,510,387,194,20,46,771,53,10310,10310,,,,400,800,57,14.3,60
2,804,632,281,29,72,840,68,10390,10390,1790,2250,110,525,1345,54,12.5,60
2,1247,980,356,11,32,2207,814,10584,10584,,,60,500,2400,95,13.3,60
1,6151,3837,1215,,,9247,3584,2166,5166,2660,1820,1121,660,1053,76,17.6,60
2,1205,984,278,31,50,1071,98,14510,14510,2430,2910,,500,1400,84,12.5,60
1,2442,2164,1189,12,37,5983,1075,2134,4426,2664,,279,600,1000,76,18.1,60
2,335,284,132,28,69,534,216,10475,10475,3275,3025,176,500,2000,68,11.2,60
2,793,709,244,20,47,1022,411,9570,9570,1020,1980,250,400,1000,67,15.1,60
2,35,35,22,,,59,,7200,7200,,,,600,1300,80,11.8,60
2,3148,1616,504,9,24,3553,3152,11010,11010,2994,2406,611,623,,77,16.7,60
2,7428,5860,1349,25,63,6534,1350,11600,11600,3620,2300,650,1000,1000,81,13.9,60
1,7500,4350,872,,,4627,483,2650,6550,2300,2652,250,500,1350,70,17.1,60
2,1154,951,253,15,31,791,140,11172,11172,2590,2368,230,700,1350,68,11.6,60
2,882,730,330,2,13,926,12,4515,4515,2550,,115,850,2100,53,18.6,60
2,831,538,224,15,35,840,325,5170,5170,1400,2030,210,600,1590,61,16.1,60
2,1660,1232,721,23,52,2885,537,7440,7440,,,,450,2200,70,18.1,60
1,1164,1062,478,12,25,2138,227,1900,4470,,,,600,1210,33,16.3,60
1,7811,3817,1650,47,73,12911,1404,2033,7380,2335,2542,20,612,2091,72,19.8,59
1,10758,8559,1717,94,100,8713,607,,7699,6081,,4110,633,1191,94,21.3,59
1,9478,6312,2194,29,65,15646,1829,2124,8412,4180,,585,470,1800,87,19.2,59
1,1584,1456,891,6,18,3471,911,1434,5016,1782,2016,380,540,2256,48,28.8,59
2,1422,1109,366,33,65,1363,23,15360,15360,,,250,600,1000,82,12.8,59
2,7122,5386,1643,42,69,7760,876,16500,16500,3810,2716,180,630,1985,82,5.9,59
2,417,349,137,60,89,510,63,12960,12960,5450,,135,450,875,92,7.7,59
2,740,558,177,12,29,628,63,9620,9620,2050,1700,,550,950,49,10.8,59
2,1216,908,423,19,40,1819,281,10100,10100,1620,1900,200,550,1100,48,12.1,59
2,2013,1053,212,33,61,912,158,5150,5150,,,420,500,1655,64,10.5,59
2,1650,1471,409,7,21,1803,1116,8994,8994,5500,,800,498,2065,74,15.4,59
1,1208,803,438,20,48,1906,344,2790,6810,2124,1846,240,450,1647,67,15.9,59
2,450,405,194,17,34,614,388,13900,13900,2400,2800,,450,2150,46,10.9,59
2,663,547,315,32,67,1279,75,10060,10060,1780,1190,256,500,2600,74,11.2,59
1,376,256,256,,,816,1070,1935,5658,,3000,,475,,50,16.4,59
2,951,879,199,5,15,744,196,13325,13325,2770,2565,,,,42,9.5,59
1,3150,2289,650,16,51,3598,234,2650,6840,2750,1910,240,500,1000,71,15.1,59
2,1914,1190,634,,,2609,1482,14710,14710,5520,2500,150,1300,1080,69,10.2,59
1,2320,1805,769,24,61,3395,670,3620,6400,2058,1334,,580,2150,71,12.8,59
2,699,660,349,,,1198,296,8414,8414,1530,1966,250,504,900,49,14.1,59
1,1685,1640,856,,,3684,678,1221,4362,,,378,756,1794,62,20.5,59
2,818,620,218,,,868,247,10700,10700,,,,450,1400,60,9.2,59
2,824,670,337,15,41,1160,653,9400,9400,,,150,500,1100,37,8.4,59
1,2733,2000,917,,,4381,437,1920,6400,1175,1340,420,300,1500,66,20.6,59
2,664,515,210,12,44,712,10,15700,15700,,,300,400,1500,80,13,59
2,1646,1150,542,12,30,2128,82,5188,5188,1541,1855,427,650,2500,48,13.8,58
1,11651,8683,3023,50,90,18906,3242,1780,6680,1910,2150,,600,1020,80,23.1,58
2,540,445,165,23,70,1115,111,7210,7210,,,110,500,2000,62,13.2,58
2,392,351,155,16,44,738,430,10260,10260,3597,,150,600,1500,39,13.1,58
2,616,514,385,29,52,1115,60,9840,9840,1680,1140,339,450,822,59,14.8,58
1,1419,1313,813,11,30,4469,499,1778,5424,3000,,,300,2000,52,23.2,58
2,632,620,222,14,24,702,501,9550,9550,2250,1600,210,350,250,64,14.1,58
1,4847,3518,1900,27,65,6567,261,1044,1044,775,531,12,500,1200,46,24.6,58
2,1224,936,283,5,25,891,332,13600,13600,3050,2400,500,600,,39,8.7,58
2,244,198,82,12,33,1134,336,11700,11700,2100,3200,120,550,805,71,27.8,58
2,662,513,257,12,30,2074,726,11902,11902,4372,,112,540,950,65,12.8,58
1,3971,3306,1921,10,34,11493,2206,2270,4259,1704,921,255,350,1884,70,18.9,58
1,3325,2047,1301,20,45,5800,872,2200,4200,2700,,400,300,1200,53,20.2,58
2,639,427,182,,,527,32,6572,6572,,,336,1510,1695,,9.4,58
1,6574,4637,2940,32,62,14782,1583,3030,9057,3485,,414,600,1983,87,12.7,58
1,967,945,459,15,48,2806,538,1812,4528,1880,,482,500,1200,49,17.1,58
2,905,834,319,32,61,1073,179,11320,11320,2454,2048,584,550,1350,82,12.7,58
2,529,492,261,29,55,1093,322,8650,8650,3815,,290,390,1050,49,14.1,58
1,9274,6362,2435,14,44,13171,1687,764,7248,1590,1650,793,500,1700,74,13.2,58
2,516,392,154,32,62,630,549,11020,11020,2160,2810,50,610,1900,73,14,58
1,5220,2128,865,19,53,6411,3186,2400,3648,3160,1674,600,700,950,82,21.5,58
1,5785,2690,499,26,62,4005,1886,3640,7410,2780,1968,978,690,2009,90,17.4,58
2,1181,903,292,,,1622,166,13975,13975,4360,2380,380,1500,630,,10.8,58
2,692,514,209,20,50,760,81,9900,9900,2373,1617,,400,900,76,13.3,58
2,510,485,334,18,36,1114,94,7400,7400,,,516,600,600,57,19.8,58
1,2746,1505,1028,14,24,4787,789,2278,6312,,2940,370,,,53,16.3,58
2,907,771,387,,,2621,1808,6540,6540,2454,1872,330,500,1000,58,18.5,58
2,174,146,88,8,29,1047,33,8300,8300,1000,2080,200,600,600,62,15.2,58
2,1465,1006,188,10,30,703,20,4450,4450,,,,500,1200,43,22.9,58
2,81,72,51,33,71,139,3,8730,8730,,,150,400,800,92,9.3,58
2,1947,1580,523,39,74,1863,233,13900,13900,1740,2400,400,750,1500,90,10.6,57
1,8579,5561,3681,25,50,17880,1673,1650,6994,,,388,700,2681,88,13.7,57
2,1836,599,455,35,60,1540,51,,,1355,1480,188,450,1027,77,13.2,57
1,2857,2090,577,5,20,2879,1412,1408,5542,2330,1700,1826,450,1555,,14.7,57
1,1563,1005,240,1,19,1380,136,1408,5542,2400,1930,2147,500,1000,65,14.2,57
1,8671,5855,3395,,,8996,1901,3412,6911,4171,,,590,1082,38,18.2,57
1,5165,3887,1561,20,60,8234,2619,2422,6108,3800,,120,500,1000,64,20.6,57
2,440,391,231,13,27,1367,2662,5040,5040,2074,2078,40,395,1155,54,14.7,57
1,3366,1752,232,27,79,2585,1300,3641,7411,2780,1968,849,690,2009,90,18.6,57
1,12512,6969,1724,27,66,9744,1351,2650,6550,4712,,295,600,1200,91,10.5,57
1,5880,2840,1136,12,33,5866,918,3512,8285,2000,970,1150,500,,58,19.4,57
2,974,704,290,5,22,1145,39,12520,12520,3860,,500,1300,700,16,7.5,57
2,520,204,108,11,27,418,279,8940,8940,2324,2190,480,500,1150,28,13.4,57
2,845,690,323,,,1870,1720,9300,9300,3400,,60,600,1260,49,20.5,57
2,497,452,231,24,47,887,1957,9400,9400,4005,,395,500,1000,49,17.2,57
2,682,535,204,22,43,771,611,9500,9500,,,150,400,750,26,2.5,57
1,9630,7801,2881,23,49,14524,1053,2128,6370,2284,2026,,,,83,13.4,57
1,6004,4480,1470,,,12147,6681,1606,8990,3476,,1606,600,,88,19.9,56
2,1275,1275,635,,,615,1047,5340,5340,,,50,400,2000,46,12.5,56
2,407,317,181,21,48,468,31,9700,9700,1980,1764,150,470,1120,73,19,56
2,586,533,239,16,36,950,228,10520,10520,1812,1866,181,500,1000,48,13,56
2,532,481,127,,,815,801,10250,10250,,,70,550,,,9.1,56
2,1756,1360,478,42,77,1911,626,14550,14550,,,40,500,700,80,12.3,56
2,313,228,137,10,30,552,67,9414,9414,,,400,500,1700,34,10.6,56
2,601,503,204,28,57,671,11,13000,13000,2100,2000,200,400,460,91,11.6,56
1,10706,7219,2397,12,37,14826,1979,2600,7799,3296,,950,470,1750,73,17.3,56
2,202,184,122,19,42,537,101,8540,8540,1960,1620,200,500,1400,61,8.8,56
2,307,260,99,17,42,452,249,7500,7500,3200,,,650,,49,10.1,56
1,3347,2597,1006,10,37,4664,1630,1836,6919,,,1999,500,1250,74,15,56
1,4216,2290,736,20,52,4296,1027,2328,5130,2190,2500,766,600,1450,73,17.9,56
1,5260,4589,1741,23,52,7366,1795,3085,7975,4385,,,500,,93,14.5,56
1,6118,5254,3204,15,37,13131,3374,2370,4740,880,1710,166,500,1360,70,19.9,56
1,2800,1090,580,10,40,2124,199,2164,4306,1025,1075,213,275,1200,43,18.6,56
2,750,633,296,27,51,926,367,8850,8850,2100,1450,158,500,2600,73,11.4,56
2,624,599,170,,,612,150,10375,10375,1825,2750,,500,1050,79,13.8,56
2,3113,1786,457,24,49,1614,131,3850,3850,1924,1276,,,,43,14,56
2,627,585,260,20,46,908,109,10300,10300,1210,1760,,,,42,14.5,56
2,2186,1924,512,16,29,2683,1227,12280,12280,,,,750,1500,29,12.2,56
1,15039,9649,3087,36,100,13963,3124,2650,6550,4731,,424,708,957,90,13.6,56
2,571,461,174,10,26,645,283,10850,10850,,,,400,1159,58,12.8,56
1,15076,12860,5330,24,52,31039,6005,3087,9315,,,,525,2550,,13.1,56
1,4655,3113,1241,26,67,5965,954,2954,7352,1494,1762,593,500,,72,16.9,56
2,413,330,215,,55,1247,430,5400,5400,2340,,210,600,,65,14,56
2,477,417,204,29,54,1532,77,8840,8840,4240,,120,600,1400,58,20.8,56
1,6540,5839,2440,31,70,14445,1344,2907,8200,3910,,160,800,2719,84,16.9,56
1,4800,2900,1515,14,48,7764,1472,2158,6874,1450,944,,518,1890,73,19.2,56
1,1594,1572,675,,,2432,616,3954,,1800,1952,,500,,,15.3,56
2,345,320,179,,27,1367,578,5600,5600,1550,1700,300,350,,52,32.8,55
1,5385,3539,1259,,,13165,5937,1584,8964,,,352,630,2286,75,17.4,55
2,52,36,18,,,88,12,10560,10560,,,428,825,2325,100,7.2,55
2,688,497,144,30,75,641,101,10800,10800,2520,1920,690,570,1515,55,13.1,55
2,1109,688,386,20,65,1897,208,8325,8325,3050,1950,450,1200,1600,14,16.1,55
2,587,479,158,38,62,678,41,13500,13500,1025,2210,322,500,675,67,9.4,55
2,785,647,295,15,65,1670,726,10860,10860,2666,1958,110,600,794,87,13.7,55
1,6491,5027,1563,6,24,9015,1449,1902,5706,1843,1350,705,600,1993,77,17.2,55
2,727,693,286,30,55,1063,48,8000,8100,1975,1975,50,550,550,73,13.3,55
1,4269,2594,985,27,57,6476,2592,3338,8594,1930,2478,,494,2768,82,18.4,55
1,9167,7191,2738,24,53,15739,4278,2785,6940,1675,2425,455,500,1700,80,24.7,55
2,1083,880,291,13,34,915,80,9270,9270,,,,600,1860,75,13.5,55
1,3224,2519,1057,11,31,5000,706,718,6390,1142,1238,647,110,1622,67,14.6,55
1,6071,3856,1449,15,67,6635,1145,1492,7558,2100,1580,752,500,1500,82,19.1,55
1,2837,2697,1417,,,5764,1176,1665,2550,1280,1350,243,450,1970,59,19,55
2,1011,604,213,17,42,693,868,8900,8900,,,105,425,1000,87,13.9,55
2,460,283,160,15,34,508,34,7950,7950,1680,2130,450,600,1200,35,11.6,55
2,874,758,428,21,46,1605,246,9858,9858,2020,1680,135,450,1200,42,17.6,55
1,2694,1725,606,,,2891,332,3154,7452,1984,1380,486,650,800,48,15.9,55
2,941,772,214,10,30,1247,776,11390,11390,,,,500,750,77,10.6,55
2,519,327,114,25,53,457,2,21700,21700,2100,2000,,600,500,35,10.1,55
2,494,313,157,23,46,1317,1235,8352,8352,,,90,650,2449,36,11.1,55
2,708,334,166,46,74,530,182,8644,8644,2382,1540,120,500,800,79,12.6,54
2,346,274,146,51,87,704,63,9900,9900,1500,2170,174,630,1818,59,10.5,54
2,809,687,428,20,43,1889,217,10176,10178,,,134,800,750,71,16.1,54
2,349,313,111,,,765,191,13020,13020,,,840,900,2160,28,13.5,54
2,,,182,18,36,781,82,6072,6072,,,,400,3036,48,16.8,54
1,3580,2603,1627,36,69,11028,2411,1460,4460,1808,1230,97,687,1281,85,11.8,54
1,8681,6695,2408,10,35,15701,1823,2600,7799,3403,,815,537,2605,77,21,54
2,678,640,388,,58,1503,293,7700,7700,4140,,136,,,39,14.6,54
1,5880,4075,2833,25,55,14914,2246,1713,6995,3120,,403,600,2000,76,18.5,54
1,2916,2167,911,,,4147,449,2431,5428,2280,2110,418,700,950,78,17.8,54
2,1428,1097,336,22,50,1036,99,11250,11250,1590,2160,100,400,1165,53,12.9,54
2,373,298,86,14,43,651,490,8950,8950,3800,,80,500,,57,10.6,54
1,2729,2535,1257,8,29,4787,472,2130,3735,3136,,67,250,1630,62,21.7,54
2,472,410,262,14,41,9950,71,7620,7620,1700,1350,,400,400,51,17,54
2,504,482,185,10,36,550,84,9130,9130,1950,1372,465,450,1450,46,12.6,54
2,2707,1881,478,14,34,1893,847,12480,12480,2700,2590,490,530,1740,70,14.2,54
1,2868,2409,1524,,,5916,2939,1740,6490,2635,1925,20,600,2900,78,15.4,54
2,360,329,108,4,19,756,863,8310,8310,5500,,395,600,1800,43,12.7,54
1,6855,5553,2408,26,57,11036,2011,3234,8907,2703,1994,498,556,1851,89,10.8,54
1,8631,6732,2546,25,61,11669,1605,3090,10602,,,,570,1530,79,19.7,54
2,458,369,165,16,42,1057,355,11190,11190,2260,2540,30,450,1230,60,13.6,54
1,3812,2227,818,4,27,3947,611,,,2100,1156,,500,,66,19.4,54
1,4419,3074,1349,,20,6318,817,3086,7844,1760,1890,599,500,1500,54,19,54
1,2056,2054,2054,10,40,2239,686,1411,3437,1128,1074,832,550,1925,68,20.2,54
1,2594,2542,1580,11,29,6461,910,1740,4025,1505,2125,,700,1400,76,16.9,54
1,4918,3965,1704,18,50,7306,707,2369,7157,,,,,1700,,21.3,54
2,1107,904,308,,,1142,27,12700,12700,2700,2780,60,520,1170,90,14.8,53
1,1558,1254,472,20,57,3754,2477,1597,6172,,,,541,1387,83,23.4,53
2,4502,2497,790,,,2844,88,7908,7908,2168,2070,200,600,1500,63,14.9,53
1,1612,1077,775,,45,2023,316,1382,4145,2445,,294,180,,60,17.5,53
2,560,454,113,36,56,484,16,10955,10955,1915,1535,150,330,670,62,10.6,53
2,273,229,66,25,60,439,415,7800,7800,3820,,270,800,,50,8.2,53
2,257,183,109,19,41,396,38,7850,7850,2010,1400,200,400,1500,55,10,53
1,1100,1078,560,,36,3157,2705,2790,4774,1410,1800,32,450,1000,82,13.8,53
2,1891,1698,719,24,80,2740,761,11100,11100,2980,2890,190,600,750,77,11.7,53
1,3986,3026,1093,8,29,5740,4182,4694,9838,1774,2390,,500,1160,81,16.1,53
1,3041,2581,1173,16,56,6441,3982,3123,9114,,,230,400,650,88,19.7,53
1,4192,3126,1656,15,45,5887,1254,2994,8828,,,310,753,2610,79,19,53
1,4255,3277,1609,18,57,10094,1621,4946,9866,1684,1400,477,480,1479,77,15.9,53
2,3280,578,311,18,49,1120,33,5010,5010,,,500,500,800,53,14.5,53
1,3844,3383,1669,26,47,7524,804,1996,4916,1560,2250,548,600,550,81,20.3,53
1,5191,4134,1500,15,44,7532,1847,931,8677,1715,1790,958,600,1300,75,15.5,53
1,6277,6003,3526,33,63,16454,3171,2055,5595,1375,1770,360,500,2070,86,15.1,53
2,1606,1413,530,23,38,1921,1154,9408,9408,2820,2700,295,500,450,78,12.1,53
2,303,198,101,10,40,443,153,9370,9370,1870,2460,,,,50,9.5,53
1,7888,3519,1036,6,40,5011,346,2650,6550,2680,2000,316,630,1274,82,17.8,53
1,8399,3609,656,19,53,4658,1478,2650,6550,1790,2450,271,550,1500,85,15.3,53
2,2531,1978,778,,,4730,2007,9190,9190,2980,2520,850,500,1250,74,18.6,53
1,818,700,447,20,50,2962,651,1500,3738,,,,450,1022,55,19.6,53
2,787,562,363,21,55,925,605,5950,5950,1200,1690,120,600,1300,67,14.6,53
1,7473,5372,3013,27,53,15749,3237,1830,5764,1584,1678,222,750,3300,86,16.5,53
2,377,358,181,15,30,653,129,7150,7150,2770,1580,,450,1500,61,17.8,53
2,452,331,269,17,54,1417,301,6150,6150,,,70,550,1200,59,16.6,52
2,1681,1069,344,35,63,1235,30,16249,16249,5699,,579,500,1998,84,13.6,52
1,2702,1623,604,7,24,2315,146,1819,5918,1936,1819,507,500,2050,76,19.4,52
2,305,287,109,38,,382,46,11500,11500,,,460,515,1374,68,7.6,52
1,1868,1788,829,,,3467,1167,1694,4457,1434,1305,312,450,500,70,21.4,52
2,894,787,262,28,63,909,28,8050,8050,,,,600,1000,75,15.6,52
2,1002,555,119,16,43,836,684,7680,7680,1820,1920,135,500,800,70,17.7,52
2,213,155,75,28,66,504,147,7200,7200,,,,550,1500,56,11.8,52
1,2825,2495,1300,,,6311,975,1580,4740,,,320,500,1050,58,19.9,52
1,2225,1910,1190,29,55,5968,955,1580,4738,1290,1820,280,700,940,72,20.2,52
1,7769,5689,2675,,,14931,2596,2160,6640,,,330,450,1340,95,12.2,52
1,2920,2506,1682,,,7112,3832,1720,4720,2900,,,500,500,66,17.7,52
2,100,90,35,10,52,282,331,8400,8400,2812,,195,300,2134,10,12.1,52
2,469,435,227,17,39,851,120,10535,10535,2250,2115,140,550,3700,39,12.9,52
2,632,494,129,17,36,709,131,9000,9000,4850,,920,300,2480,78,13.2,52
2,812,689,195,7,24,646,84,8242,8242,1900,2330,500,600,1295,77,12.7,52
2,817,708,262,22,52,935,37,9376,9376,1338,1934,396,500,1902,57,13,52
1,1373,1373,724,6,21,2754,474,1500,2700,1230,1430,264,540,1660,60,20.3,52
2,809,726,294,27,52,1271,43,12500,12500,2080,2050,140,400,1050,53,13.5,52
2,212,197,91,28,56,471,148,13500,13500,2615,2615,150,400,850,95,9.3,52
1,6502,3539,1372,11,51,7484,1904,3086,7844,4108,,560,400,2000,76,15.3,52
2,361,321,185,10,41,650,819,8842,8842,2862,1920,140,600,1100,57,14.2,52
2,651,498,453,,23,1831,180,4788,4788,1660,1660,132,500,1800,42,18.5,52
2,626,372,145,12,34,983,40,7700,7700,3400,,100,450,800,70,21.9,52
2,584,413,131,19,51,521,99,8955,8955,2810,3090,40,500,1488,51,11.8,52
2,907,802,200,15,30,726,61,9570,9570,1560,2190,230,350,,58,15.9,52
2,582,498,172,21,44,799,78,10468,10468,1574,1806,92,660,1800,40,11.5,52
1,1351,892,570,18,78,2385,331,2220,4440,,,124,300,600,72,18.9,51
2,598,441,153,16,36,527,312,12500,12500,3700,3110,624,500,500,76,7.9,51
2,451,306,123,10,18,611,146,9980,9980,2010,1630,280,600,2240,46,12,51
2,500,336,156,25,55,421,27,6500,6500,,,,500,1000,76,14.3,51
1,9361,7910,3849,38,50,16148,2207,2864,7244,3608,,,500,1500,69,17.7,51
1,4915,3340,1064,4,21,5356,1502,1408,5542,2291,1700,2014,500,1750,73,17.1,51
1,1406,1169,522,10,28,2432,592,3312,6456,1625,2561,,500,600,47,19.9,51
1,4519,3844,1432,,25,6261,1634,2076,3880,,,50,400,1165,59,22,51
2,620,565,296,,,766,58,10500,10500,1600,1900,,550,500,53,16,51
2,927,731,415,24,50,2149,2217,11130,11130,1926,2070,100,600,2166,72,13.5,51
1,1047,938,511,13,33,2091,546,2285,4285,2750,,365,600,1800,58,16.5,51
1,1458,874,588,56,86,1846,154,3330,9843,1365,1755,315,600,1500,74,14.6,51
2,1576,1110,274,24,55,992,112,8000,8000,,,,400,500,51,14.1,51
1,1531,827,405,12,46,1630,143,556,5030,1220,1428,584,170,,68,14.1,51
1,233,233,153,5,12,658,58,1680,4486,2516,,240,600,1900,68,15.7,51
2,5187,4471,446,3,14,1818,1197,13320,13320,2500,2130,310,500,800,50,17.6,51
1,3820,1431,695,21,70,5303,3942,2342,4356,,,753,800,800,76,22.1,51
2,461,381,174,10,43,738,55,9600,9600,4550,,265,600,750,55,13.3,51
2,259,219,118,,,513,23,9200,9200,,,200,375,2100,23,16.8,51
1,4772,3140,1265,22,55,6851,1200,3060,6120,2200,1260,,666,2316,73,17.2,51
1,1166,1009,510,9,33,2074,341,3340,4938,1867,1120,50,528,1702,67,17,51
1,1854,1391,732,9,28,3020,1174,2710,7000,2640,1450,,600,,74,17,51
1,938,938,588,7,23,2629,1283,1323,3222,,,934,500,,63,29.2,51
2,1464,888,176,26,52,624,128,11200,11200,1998,2210,150,500,1642,80,11.1,51
1,535,502,223,6,20,959,150,3168,7320,2092,2548,826,500,600,48,12.6,51
1,2785,2011,1007,8,65,6507,898,2053,7242,3603,,75,654,1416,67,18.1,51
1,7593,5972,2682,,57,13780,1599,2172,5424,1600,1930,,580,1654,80,17.3,50
1,5945,3887,1566,,60,11177,4027,,5904,2499,2363,1720,630,2430,73,18.5,50
2,213,173,75,,,648,150,12790,12790,6100,,250,650,2250,56,11.6,50
1,2172,1493,564,14,50,2766,1531,1842,5962,2436,1880,1513,650,500,71,16.9,50
1,1256,1256,853,43,79,3957,588,1729,5401,1512,1632,,450,1888,72,19.3,50
1,4681,4101,1436,10,35,8094,1596,2310,4620,1210,2078,,300,2250,69,19.7,50
1,3297,2903,1907,13,32,9633,3662,2196,4536,,,594,570,1410,71,18,50
2,758,681,484,35,59,1707,705,5390,5390,1350,1790,530,515,1290,63,15.1,50
1,5870,4461,2272,12,32,9851,1289,780,4860,3610,,618,200,,85,21.4,50
2,497,423,215,27,57,895,429,7850,7850,1490,1920,50,490,1700,54,13.8,50
1,4217,3100,1686,17,46,9375,5457,672,4104,5376,,768,452,1200,94,25.3,50
2,917,720,213,21,60,979,743,8820,8820,1340,2710,60,600,2025,68,10.5,50
2,152,128,75,17,41,282,22,9100,9100,1800,1900,90,500,1400,48,8.5,50
1,2485,1800,1800,10,25,4540,2073,1800,4238,1400,1640,100,600,,37,19.6,50
2,4226,3666,2007,14,60,7703,2339,1660,5094,2030,1980,330,700,1560,77,16.6,50
1,14079,12238,4529,29,57,21664,4894,1828,7434,2186,2030,66,620,2550,91,19.6,49
1,5609,2756,1268,,,9358,5222,1788,7454,2900,,119,577,,53,20.4,49
1,2329,1619,1521,,,6609,4398,,,,,,,,93,20.3,49
2,659,530,325,,,1067,268,12180,12180,2160,1695,195,683,2438,69,12.6,49
1,4158,2532,902,6,24,6394,3881,1842,5962,2384,2060,1298,500,985,69,16.7,49
2,367,274,158,12,41,917,479,9592,9592,,,,500,700,71,13.7,49
2,358,276,172,5,24,838,122,8516,8516,,1910,115,650,,55,25,49
2,331,331,225,15,36,1100,166,6840,6840,,,472,1100,4913,33,15.4,49
2,848,587,298,25,55,935,184,6060,6060,1850,1220,,600,1300,62,17.7,49
2,2097,1915,695,34,61,2793,166,6900,6900,,,200,617,781,67,14.4,49
1,6693,5423,2242,,,13142,6421,2482,6360,4031,,233,600,1200,74,20.6,49
2,372,362,181,15,32,1501,353,8600,8600,1980,1570,106,385,665,48,15.4,49
2,633,504,210,11,32,920,148,7780,7780,1820,1550,270,600,1300,50,15.1,49
2,270,225,65,15,35,3440,4103,3750,3750,,,,700,800,39,18.4,49
1,1877,1826,823,49,77,3926,561,3030,9057,,,551,700,1435,88,14.4,49
2,1328,673,282,25,75,1006,174,4000,4000,998,1050,268,225,,44,19.6,49
1,2777,2249,1652,20,54,8334,1435,2110,5634,1033,1670,318,450,1200,97,15.9,49
1,7294,3564,904,7,34,5758,1363,2650,6550,2760,1700,315,500,705,79,19,49
2,1220,974,481,28,67,1964,623,7800,7800,1974,1690,250,650,900,61,11.1,49
2,272,272,145,13,50,770,213,4750,4750,1870,1400,320,500,800,57,14,49
2,1497,1469,383,,,2028,773,2052,4426,1454,1782,,400,1874,55,19.2,49
1,1471,1281,824,18,67,4343,990,1697,2883,1450,1120,75,300,,50,23,48
1,1734,1729,951,12,52,3602,939,1730,3460,,,60,450,1000,57,19.6,48
1,12809,10308,3761,24,49,22593,7585,1828,7434,,,66,700,2100,88,18.9,48
1,10278,7746,2576,,,,,1053,8233,4400,,,,,80,20.3,48
1,3181,2089,826,,,6035,6414,1800,6700,1940,2120,,600,2270,90,15.6,48
1,1702,1448,726,12,39,2726,472,1800,3200,2145,,,,,60,19,48
2,213,166,85,13,36,513,247,8670,8670,3820,,80,450,1000,43,12.5,48
2,878,816,200,16,41,706,62,8740,8740,1463,1900,105,550,1700,62,11.6,48
2,420,293,93,11,32,336,80,7950,7950,1550,2200,260,600,2740,54,9.8,48
1,1618,1141,479,18,54,4793,4552,2424,7246,,,348,500,4288,71,13.4,48
2,665,462,226,17,44,1739,1550,9160,9160,2100,2240,50,500,500,68,20.6,48
1,944,774,440,14,34,2174,529,628,6360,1410,1350,514,550,1498,77,15,48
2,838,651,159,11,25,654,162,8640,8640,,,,400,1915,62,12.2,48
2,659,601,342,12,34,1476,282,6490,6490,1345,1510,75,500,1800,26,18,48
2,355,304,168,,,447,111,8760,8760,1540,1150,,550,1800,48,8.5,48
1,2170,2170,1433,9,40,5949,4887,2450,5050,,,106,,,71,17.6,48
1,3055,2959,1527,,,15428,5370,2693,7441,2564,1155,706,550,500,81,20.4,48
2,713,661,252,25,44,712,23,15476,15476,1538,1798,1404,400,1100,69,11.3,48
1,4522,3913,2181,29,57,12830,1658,1889,5336,1758,1588,40,800,3100,84,15.3,48
2,1622,1472,341,,,1203,63,5210,5210,,,425,120,2200,44,14.6,48
1,848,560,377,14,24,1855,1412,2320,5800,3066,,75,500,1500,62,14.8,48
2,437,400,211,13,35,614,271,8990,8990,1340,1724,,500,1700,73,14.8,48
1,1934,1500,1123,,,4669,675,1900,5832,1490,1400,,500,1000,68,19.6,48
2,627,556,172,16,40,777,538,9925,9925,,,350,750,1350,59,22.4,48
1,883,766,428,3,37,2910,1749,2332,7860,,,904,525,1889,80,21.2,48
2,411,354,138,14,42,495,61,8170,8170,3980,,100,600,3000,32,12.3,48
2,629,614,248,,,866,22,4460,4460,1683,1071,100,600,1000,47,14.3,47
1,2121,698,1126,,,6790,2988,1432,8803,2550,,,450,,,20.5,47
1,4348,3026,1234,,,13724,8161,1716,9096,,,,700,,79,19.2,47
2,959,771,351,23,48,1662,209,16624,16624,5895,,521,600,1100,72,12.8,47
2,1597,969,226,16,38,1431,1522,13540,13540,5050,,,630,2298,66,14.1,47
1,7589,4676,1876,29,63,14770,10962,1856,6760,1806,1970,,500,2180,84,17,47
1,1800,1253,560,44,85,3876,3588,1732,6634,,,,600,2604,82,17.8,47
2,555,414,242,14,41,996,2281,9100,9100,1130,1970,100,550,880,51,23.6,47
2,450,430,125,20,46,488,43,9950,9950,3920,,250,300,1300,76,11.8,47
2,464,419,183,10,31,686,287,9240,9240,1940,1940,,475,1090,29,7.2,47
2,601,396,203,1,20,525,323,11230,11230,3843,2800,130,2340,620,8,6.8,47
2,305,230,107,16,40,503,801,9000,9000,3500,,380,400,,23,8.9,47
1,2088,957,362,6,29,2745,1938,3227,4449,3400,1460,,600,1655,74,17.8,47
1,1054,1054,470,5,25,1495,521,1394,4652,1340,920,,500,,55,15.5,47
1,5377,2872,1300,18,54,8247,4328,2450,5050,,,112,500,500,83,18.2,47
2,1712,1557,696,41,68,2936,433,11750,11750,,,,1200,2350,94,11.5,47
1,2310,1767,1030,15,50,4882,2706,2370,6694,2537,2600,468,500,,74,15.7,47
1,2231,1908,767,,,6561,559,2256,7974,2220,1694,120,687,1437,69,17,47
2,4414,1500,335,30,60,908,119,5666,5666,1424,1540,418,1000,1400,56,15.5,46
1,5210,4094,1420,,,14392,7263,1976,8820,1680,2544,194,350,2204,72,17.4,46
1,3440,2823,1123,16,35,3793,486,1450,6198,1820,1500,327,500,2500,89,19.1,46
2,9776,3164,1666,,,6705,874,7128,7128,2050,1700,615,300,,78,7.5,46
1,6986,2959,1918,25,60,12330,7152,1716,6618,2410,1824,95,700,1600,80,22.2,46
1,8388,5423,3034,,,11404,1007,1808,4571,2987,,,450,,60,19.7,46
2,607,388,236,8,19,538,36,7250,7250,1945,1300,,400,2730,47,14.5,46
2,443,330,151,5,36,453,42,14080,14080,3500,2750,260,500,900,57,10.2,46
2,11901,8492,2517,16,42,11160,10221,13380,13380,3990,3435,186,600,1750,73,12.9,46
2,1130,704,322,14,23,1586,326,9996,9996,1815,1275,135,900,1320,62,11.5,46
1,1208,877,546,12,36,3796,824,2133,4425,2700,,382,660,1800,57,19.6,46
2,1065,801,385,,,2069,748,1254,6272,1342,1420,,300,,67,13.5,46
1,434,412,319,10,30,1376,237,1681,4486,846,1300,176,600,2000,50,16.5,46
1,4681,3627,1749,12,37,8837,5624,2650,5250,,,200,500,2100,100,12.5,46
2,866,619,157,18,47,1074,336,8920,8920,,,180,680,1320,68,14.6,46
2,459,422,212,,,932,107,10220,10220,1194,2352,214,520,1400,45,13.4,46
1,2119,1264,390,5,33,2478,1441,2650,6550,2990,1770,367,1125,1362,80,14.9,46
1,9210,3040,7425,10,30,15615,3230,3927,7854,,,,500,1350,81,20.8,46
2,57,55,32,17,48,435,1174,6992,6992,,,300,720,3285,17,9.6,46
2,1272,1012,375,20,45,1732,936,9428,9428,4070,,,600,,76,15.7,46
1,689,561,250,15,30,1125,422,3093,7168,1961,1728,,600,1900,67,18.1,46
1,5653,4326,1727,17,29,9528,3822,4044,10800,3150,1690,25,580,1050,93,19.3,46
1,2409,1939,759,17,50,3819,1347,2284,6900,1600,1200,,475,1200,81,22.2,46
1,,,,16,49,4342,478,2304,7092,1376,1124,,191,1357,69,18.1,46
2,1405,1167,557,20,65,2452,1113,2064,4694,1990,1900,,700,1665,57,16.5,46
1,3852,2652,1044,4,14,5892,2478,1842,5962,2180,2616,1190,700,,62,15.8,45
1,3674,3247,1586,,,5982,1418,1770,4617,1650,1290,,600,1200,67,20,45
2,576,558,137,11,39,662,131,10430,10430,1845,1775,100,400,1500,85,16.5,45
1,3133,2799,1337,24,49,7242,1431,1548,5962,,,,832,,82,13.5,45
1,4441,3260,2082,,,10264,2910,1801,4961,1316,1833,221,500,1100,66,19.1,45
1,2397,2144,1525,22,45,6720,1822,2262,3957,1245,1080,,618,1656,66,20,45
1,3973,3168,1334,,,5625,3416,1408,5542,1564,1950,1650,375,650,55,21,45
2,867,695,312,28,67,2176,2063,6759,6759,,2250,90,700,,40,15.8,45
2,281,266,139,13,29,1049,181,10500,10500,,,,450,950,69,12.8,45
1,11054,6397,3524,26,55,16502,21836,3171,8949,1498,2246,414,714,2910,88,12.2,45
1,2281,1870,1408,18,43,6553,1246,2550,4680,2120,1420,120,200,2150,75,17.1,45
1,2850,2044,1046,20,50,9260,1387,2392,4652,1120,1350,,500,500,78,18.7,45
2,1013,916,401,,,1562,695,6550,6550,,,150,450,,63,19.3,45
2,776,765,351,22,44,1419,228,6400,6400,1650,1500,280,500,1900,58,16.2,45
2,1223,650,632,13,37,2645,167,7950,7950,1744,2250,380,480,1000,51,15.5,45
1,4675,3948,1637,,,10332,929,2841,7890,1388,2056,50,543,2244,88,13.9,45
1,1660,1091,326,15,41,1196,33,3020,4818,1750,1650,375,350,1400,71,12.6,45
1,7987,5145,2399,15,37,14726,4666,5314,10096,3492,1790,150,600,3324,87,11.2,45
1,4569,3110,1251,18,39,8346,2501,3854,9464,,,74,600,,79,15.1,45
1,4963,3497,1567,18,45,10262,5065,3034,10217,1620,2562,880,500,3630,81,8.7,45
2,651,581,243,8,17,617,34,5000,5000,3650,,515,600,600,45,14,45
1,2029,1516,1073,23,46,7535,1488,1908,5988,1462,1960,300,600,1500,91,15.1,45
2,608,520,127,26,47,538,126,8080,8080,1380,2540,100,500,1100,63,11.4,44
2,258,157,43,,,273,317,11480,11480,,,290,630,2034,75,7.8,44
2,3151,2584,958,14,40,4772,856,7800,7800,2050,1700,80,570,3020,37,16.5,44
1,1001,551,428,,,1970,1256,1412,5120,,,,908,1721,60,12.1,44
1,,,2158,,,16961,2499,2318,6953,1920,1336,864,600,2608,71,14.9,44
1,1363,1363,806,,33,3640,706,1734,4869,2950,,,500,,65,18.1,44
2,456,409,185,,,458,25,8750,9550,2375,2375,425,400,700,45,11.4,44
1,1901,1340,655,33,64,3416,1984,3475,9501,1980,1705,,,,98,11.6,44
1,4809,3089,1429,12,33,6162,871,740,6806,,1780,627,600,1651,72,16.7,44
2,774,542,193,17,38,650,14,5600,5600,1630,1465,1030,750,2000,63,12.1,44
1,701,501,458,10,40,959,457,1432,2580,1354,1270,254,500,900,48,20.1,44
2,538,538,319,,,1317,201,6293,6293,1876,1841,348,400,3400,65,20.8,44
1,4743,3970,2233,32,63,13436,2582,1737,5173,,,166,765,3176,86,11.5,44
2,279,276,126,17,37,600,435,6844,6844,,,636,500,500,45,11.7,44
2,313,228,137,10,30,552,67,5780,5780,,,,,,70,17.9,43
1,2328,2110,1047,,,7516,2943,2208,3108,1530,1320,183,480,1470,80,13.3,43
2,308,262,157,,44,592,113,6370,6370,1800,2094,370,,,56,13,43
1,7672,5331,2157,,33,15567,7544,1440,5904,,,1520,576,1464,,20.3,43
2,344,264,97,11,42,500,331,12600,12600,5520,,,630,2250,77,10.4,43
2,385,340,193,18,38,784,127,9520,9520,1980,2144,340,630,1818,63,18.6,43
1,2540,2195,994,13,40,6063,2550,1824,5472,1570,2028,488,221,2216,76,16.5,43
2,1540,1363,446,,,950,214,12500,12500,,,200,700,500,72,14,43
1,3589,2992,1367,15,40,7767,3827,2450,5050,,,155,500,700,83,15.6,43
1,6305,5190,3211,,,12487,9295,2888,7650,2454,1390,304,550,2100,71,16.7,43
1,285,280,208,21,43,1140,473,1408,3687,640,1280,172,600,1800,67,23.6,43
1,1801,1655,819,13,38,3224,436,2920,5840,1540,1598,,400,2430,76,19.1,43
2,1078,720,226,24,36,850,,6240,6240,1572,2118,75,600,1900,74,12.5,43
1,4839,3549,1577,41,41,8901,2245,840,5130,1500,1490,688,900,,76,27.2,43
2,592,501,279,19,44,1204,392,6400,6400,3484,,390,600,1800,80,14.5,43
1,529,481,243,22,47,1206,134,780,4860,1560,1562,320,600,650,103,17.4,43
1,985,868,645,,,3477,1929,1905,5715,1650,2780,,600,2500,74,18.1,42
2,400,280,134,,,397,62,6200,6200,1500,1770,380,320,,53,14.4,42
1,2968,2297,1610,13,47,7368,1128,2310,5834,1020,1724,198,600,2000,79,17,42
2,1011,829,410,9,33,1059,2458,9000,9000,,3100,630,450,1413,77,12.4,42
1,5318,3515,1025,8,29,7626,2091,2650,6550,2680,1360,240,550,1230,71,18.7,42
2,943,849,288,41,71,1041,35,14210,14210,1764,2230,225,450,1100,76,10.9,42
1,3330,2730,1303,15,36,6706,2640,1800,5800,1600,1800,,600,2200,73,14,42
2,232,216,106,16,34,534,172,6900,6900,3800,,480,450,1825,67,12.1,42
1,1822,1481,1055,10,33,4455,941,,,,,,,,89,19.7,42
1,1046,832,518,15,57,1463,1150,1856,4498,,,,600,2026,24,16.3,42
1,5891,4931,1973,23,48,11249,2682,1828,6746,1890,1838,66,620,2342,78,21.7,41
1,9402,7020,2151,20,70,16407,5550,1742,8384,3556,,,612,2400,87,19.5,41
2,2419,2160,1117,,,4852,1991,7310,7310,,4350,80,500,1612,18,13.4,41
1,2464,2306,1714,7,32,4981,5917,2090,5170,,,91,500,2000,67,16,41
1,2237,1495,800,10,29,6034,4954,2220,8568,,,2028,560,1221,86,14.5,41
1,4219,3098,1543,,44,9778,10455,3271,7162,,3271,100,468,,85,10.9,41
1,4799,3278,1561,,,4786,669,2230,4190,1220,1226,65,300,,60,15.4,41
2,299,206,81,26,40,811,206,9600,9600,3150,,,500,750,56,14.3,41
1,491,447,271,,,1774,809,2904,8676,,,,750,2028,20,14.7,41
1,6626,4122,721,24,31,4566,1913,1470,4836,986,1304,70,,,72,18.6,41
1,1195,1095,923,,28,4856,724,840,4860,1292,1492,639,1000,,60,21.9,41
1,6334,5051,2957,25,58,16785,2780,780,4860,3688,,838,530,,82,24.7,41
1,2817,1920,984,,,3958,305,1700,3400,1108,1442,155,500,850,53,14.3,40
1,2726,982,557,47,84,4239,1259,,7830,3348,1841,2106,610,1650,79,16.1,40
1,5530,4007,1697,12,37,8463,1498,1829,7731,,,398,540,2286,75,21.5,40
1,3668,2604,1331,,,4538,1179,1806,4650,1425,1548,378,490,1200,59,19.2,40
2,326,294,140,10,33,630,107,10000,10000,1800,1310,290,495,800,35,13.3,40
1,5659,4761,3147,10,31,8596,1949,2802,6892,,,,600,2500,72,16.6,40
1,2197,1515,543,4,26,3089,2029,2663,6797,2660,1240,1255,500,1200,60,21,40
1,1549,1349,687,,,3598,2147,2674,5673,3650,,217,550,900,77,18.2,40
1,1887,1870,848,8,30,3615,1446,1998,3900,1307,1304,128,500,2000,54,19,40
1,931,912,596,7,23,2482,868,2142,5866,1900,1400,60,600,2000,70,18.5,40
1,1773,1320,559,8,26,3531,808,676,5730,1568,1568,493,,,66,15.4,40
1,368,344,212,5,27,863,189,1606,4286,1820,750,245,600,2000,39,14.9,40
1,3344,2322,1105,6,43,6804,3933,1965,2875,2640,1200,590,600,,76,17.2,40
1,4119,3200,1663,,,9673,3481,1980,6432,1588,1580,,550,1066,76,19.6,40
2,940,653,275,30,52,1613,541,,,,,,,,59,14.6,40
2,191,165,63,5,25,494,574,11550,11550,,,540,300,500,43,14.5,40
1,146,117,89,4,24,492,1849,1742,5226,2514,2250,34,500,1162,39,9.5,39
1,2688,2633,1488,,,7212,1707,1800,3720,,,130,500,,71,20,39
1,3235,3108,2133,25,65,9978,1530,1932,5028,3300,,122,500,2000,73,14.8,39
1,2092,1474,649,,,1903,221,1341,2682,1290,1080,385,,,59,13.9,39
1,5443,5135,2445,,,11208,3350,1700,4700,1960,1236,,600,,82,19.8,39
2,608,494,176,10,31,649,314,8330,8330,,,200,550,1300,64,13,39
1,6189,3212,1418,14,43,8140,5947,2450,5050,1600,,107,500,500,62,14.1,39
2,845,734,254,5,21,662,351,7600,7600,1800,2000,125,600,1200,59,19,39
2,692,576,174,19,50,597,83,10500,10500,,,430,600,940,58,11.6,39
2,1199,904,397,,,1533,734,7730,7730,,,9,750,1890,60,19.2,39
1,4587,3423,2132,,,12541,2885,1616,5550,1584,974,176,500,,69,19.2,39
1,2091,1338,991,,,5359,1758,1824,5800,1704,1600,,600,1025,76,16.8,39
2,550,500,275,9,29,863,218,6612,6612,,,250,300,,39,11.9,39
1,8532,5316,2421,14,48,13806,4277,840,4860,,,884,500,,70,21.2,39
1,1376,957,445,,57,2727,3394,2480,4960,2500,1000,,600,2100,83,12.7,38
2,729,625,349,,,1432,334,7900,7900,3400,,,500,500,,19,38
1,1452,1158,870,,,2902,1825,1422,4266,,,210,495,1950,65,18.9,38
1,2379,2133,1292,8,25,4283,2973,2040,4973,1660,1532,20,500,1425,56,22,38
2,1975,1516,712,,,2223,304,11550,11550,,,385,400,1115,15,10.2,38
1,225,168,104,5,28,467,174,1968,4800,1675,1720,90,500,,65,15,38
2,1694,1408,268,,,1312,685,8300,8300,,,150,500,2370,53,14.4,38
1,5485,2662,1108,9,38,5938,2298,2385,3135,2600,1570,25,300,,77,23.5,38
1,885,553,381,13,38,2207,1058,2295,5739,,,,312,,70,15.9,38
2,379,341,265,10,36,1050,151,4950,4950,1040,1740,470,530,1500,62,15.7,38
2,467,424,350,16,40,1365,334,6300,6300,1360,1620,480,700,2140,75,13.7,38
1,2632,2509,1750,,46,8609,5680,1377,5148,1335,1260,366,537,1752,66,23.9,38
1,5244,3782,1930,12,37,11561,7443,2771,8786,1964,1000,,570,1980,79,15.9,38
1,5996,4993,3079,29,57,16269,3757,2625,5925,1720,1260,75,600,2242,83,15.9,37
2,314,158,132,10,28,690,5346,8294,8294,1372,2328,45,400,900,87,15.3,37
1,3500,2836,1779,15,42,8730,993,1576,5552,3710,,648,550,2300,75,17.6,37
1,1757,979,394,32,74,2033,1078,608,5972,1670,1750,800,600,750,77,13,37
2,1349,932,407,6,14,1236,47,5453,5453,1135,1056,685,500,,61,14.2,37
1,,2786,1595,25,50,7969,8008,1740,6490,1702,3250,40,700,1700,76,14.8,37
2,308,281,199,12,32,491,251,5500,5500,1850,1100,200,250,,55,11.3,37
2,516,454,322,13,34,1201,214,5190,5190,1680,1312,320,400,,59,12.7,37
2,2308,1336,295,22,46,1202,942,8530,8530,2020,1624,134,616,1576,56,14.9,37
1,5095,4491,2400,27,53,13894,8374,1954,6857,1550,2425,427,858,3093,89,12.8,37
1,1206,957,444,,,1627,132,1740,1740,1162,1287,243,570,2100,58,18.8,36
1,3131,2703,1792,,47,7402,1119,1700,3274,1440,1160,126,600,1761,71,20.5,36
2,1118,896,459,,,2058,111,11388,11388,1984,2562,,1000,,67,16.6,36
1,1401,1239,605,10,34,3716,675,1644,7100,1756,2624,324,540,2948,63,19.4,36
2,633,468,284,10,27,823,963,6120,6120,,2985,,531,1830,25,27.6,36
1,652,503,297,,,2229,1283,1341,4023,2004,1215,207,465,1600,52,17.3,36
2,479,373,127,20,43,631,133,8280,8280,,,100,500,,50,16.1,36
1,2020,1898,1092,,,4921,1338,1980,4572,,,37,600,2307,65,21.8,36
1,1289,1289,644,1,6,2343,2640,2100,2600,,,70,500,2700,64,16.5,36
2,1782,1695,1238,15,39,3302,2686,1640,4017,,,,650,1850,55,19.9,36
1,2863,2154,1179,,,4772,2763,1616,5550,1460,1470,262,700,1572,66,18.2,36
2,232,182,99,7,29,402,237,7070,7070,2140,1500,150,400,3158,59,8.9,36
1,1597,1125,751,,,3404,1734,840,5130,1800,1636,896,630,1838,95,21.6,36
2,321,318,172,11,27,620,280,7536,7536,1494,2242,80,430,1651,44,13,36
1,833,669,279,3,13,1224,345,3312,7656,2598,2092,585,500,624,80,14.4,36
1,910,910,342,14,53,1434,417,2050,7032,1408,1372,,550,1960,75,15.2,36
2,2400,1800,557,,,1312,176,4160,4160,1680,1510,780,500,1000,38,17.1,35
1,675,645,500,,,2413,1477,1950,4990,,1680,130,617,2307,62,18.1,35
1,900,900,490,10,30,2911,1089,1451,3009,,,,600,,62,19.6,35
1,1600,1016,508,,,2067,199,2674,7014,2080,1500,,500,,56,17.8,35
1,461,381,235,10,40,974,503,2700,6600,1904,1726,200,400,1675,67,15.2,35
2,1093,998,285,5,25,1650,5180,9450,9450,2600,1785,215,600,,33,91.8,35
1,2928,1853,481,,,2326,235,4474,6616,,,,600,1035,45,14.1,35
1,2407,2296,1304,5,19,7749,3961,3231,6462,,,,808,,91,18.5,35
1,385,358,229,5,21,988,597,1323,3222,1186,1418,,600,,47,19.4,35
2,502,384,104,11,28,347,74,6200,6200,2900,,,600,800,63,11.7,35
1,2219,1441,719,,,4129,1343,1580,5390,,,,810,1080,87,21.8,35
1,4418,2737,2049,23,51,14047,5134,672,4104,1840,1739,650,450,1700,86,22.6,35
1,2405,2234,1061,10,22,4564,448,840,4290,1580,1920,820,598,1582,55,19.4,35
1,989,777,474,,,3791,1961,647,2279,1502,1440,140,700,1200,67,14.3,35
1,3793,2341,1238,9,24,7732,9054,2154,6744,2655,,246,720,3450,87,19,34
1,8384,5727,2710,22,50,13518,2916,2520,7230,3198,1890,1108,630,3228,82,10,34
2,735,423,366,20,48,2448,707,9210,9210,1558,2224,,700,1000,49,39.8,34
1,2066,2031,1525,,,6020,1317,1966,3450,1110,1200,,650,1608,69,21.1,34
2,933,933,480,6,16,704,,4045,4045,1329,1466,295,736,2100,50,13.5,34
1,1256,1220,590,,,2762,587,1518,5586,,,,500,1200,73,19.6,34
1,787,601,233,40,73,1017,411,1302,5376,3214,,556,600,1100,99,13.7,34
1,3871,3349,1891,27,53,12257,5264,1884,7115,,,420,584,500,91,14.3,34
1,3788,2747,1269,20,45,8071,3629,2450,5050,,,93,500,,78,12.8,34
1,3540,2001,1016,24,54,4190,1512,840,5130,1324,2268,734,500,2000,60,23.1,34
1,1950,1506,1023,7,35,4111,1301,672,4104,1246,1460,626,500,,70,21.9,34
1,1627,1413,887,,,5160,1475,1740,2610,1030,1570,85,570,1500,66,20.1,33
1,1797,1260,938,24,35,6960,4698,2220,4440,1935,3240,291,750,2200,96,6.7,33
1,792,792,499,26,45,2229,270,1500,2340,,,,400,,40,17,33
2,492,370,236,10,30,1125,482,9600,9600,,,380,600,1890,,23.2,33
1,1989,1627,1137,,40,6547,2464,,4500,,,1500,500,1575,67,16.5,33
1,1572,1241,907,5,18,2699,2611,2369,6140,,,96,500,,56,18.2,33
1,1500,1250,980,10,30,2761,3341,2412,6594,,,146,600,,69,14.4,33
1,1265,1256,911,,,2728,2660,2369,6140,,,73,500,,76,16.7,33
1,2671,2671,1330,,,5742,1969,2040,4040,1236,980,143,500,1600,67,29.5,33
1,2431,2416,1711,37,45,7534,775,2028,3950,1208,1508,,600,600,50,15.9,33
2,379,324,107,15,37,500,311,9990,9990,2650,2250,280,400,600,44,12.1,33
2,1304,1300,871,4,15,1272,2733,3096,3096,,,,,,53,19.6,33
1,3921,2557,1691,,,10621,4864,1974,5908,1633,,68,500,900,77,16.9,33
2,7365,5402,4615,48,82,27378,1253,2340,2340,2112,1468,,860,1220,76,20.5,33
1,1348,1050,774,,,2873,1736,1381,2763,3375,,219,800,300,61,16.5,32
2,535,511,233,11,36,1098,380,9820,9820,2000,1360,50,570,2800,32,12.6,32
1,2901,2236,896,,39,6550,5083,1650,6994,,,465,450,350,82,20.4,32
2,308,,110,5,23,606,1142,5780,5780,2650,,180,,,52,17.9,32
2,578,411,187,25,50,880,477,6930,6930,,,,400,1525,57,11,32
1,6233,3990,2150,32,65,15340,9355,672,4104,,,690,600,,,14.6,32
2,663,562,127,20,40,641,63,5640,5640,1670,1680,,600,750,89,13.2,31
1,1499,779,500,20,54,2082,871,480,2920,,,50,714,1277,72,15.8,31
2,1174,607,289,20,45,555,24,,3800,1100,1380,300,500,800,56,19.4,31
1,4777,3057,1823,16,33,9844,6198,2180,6540,,,210,530,2440,84,11.1,31
1,3398,3191,1326,9,38,7517,4525,1133,1928,,,140,500,1400,65,22.8,31
1,2996,2440,704,2,30,3006,338,1894,5587,2750,2095,1305,500,600,61,16,31
2,177,136,41,,,438,103,14500,14500,5600,,,1200,1620,,14.4,30
1,4299,4250,2664,,,11767,3219,1898,4898,,,,560,,63,22.7,30
1,3314,2809,1563,,,7754,1388,2251,6311,,,,550,,75,21.7,30
1,1897,1384,768,9,32,4890,3777,2450,5050,,,112,500,1200,80,15.3,30
2,1847,1610,453,19,59,1298,67,7384,7384,,,458,500,1763,51,13.7,30
1,3247,3247,2297,,,9724,2192,1910,3854,1030,1200,,250,,61,24.3,29
1,5892,3034,1358,20,80,4517,745,1794,4136,,,643,550,,80,18.2,29
2,1110,930,332,18,36,1603,374,8180,8180,2230,2040,950,500,500,65,15.2,29
2,200,160,100,5,25,300,50,7500,7500,2500,2000,,500,,45,7.5,29
1,620,410,346,,,,,,,,,,,,40,16.2,29
1,350,343,251,8,27,1117,117,1212,3274,1200,600,217,90,1800,58,18.1,29
2,112,87,53,,,503,91,7940,7940,4032,,202,450,1220,39,12.9,29
1,3281,2559,1448,19,43,10975,8431,1206,4422,1440,1340,,500,2850,73,21,29
2,746,473,317,39,82,834,50,9600,9600,2030,2080,75,600,1300,54,21.9,28
1,777,649,406,5,20,1630,384,1392,5148,1430,950,20,400,,72,17.4,28
1,,,305,7,20,1535,412,672,3888,1350,1630,612,450,1944,68,18.8,28
1,1705,1339,772,9,28,2999,1825,,,,,,,,87,18.4,28
2,1322,636,225,,,589,97,5460,5460,1704,1110,300,500,1505,48,10.9,27
2,1310,983,316,5,35,1057,175,8550,8550,2525,2525,100,400,900,35,17.4,27
1,2611,1845,764,,,,,4878,4878,2210,1600,110,,,60,13.7,26
1,860,716,330,,,1703,473,1578,4158,1395,1020,,,,50,18.1,26
1,2957,1423,691,10,30,3817,1394,2798,3946,2000,2800,646,400,1500,63,14.9,26
1,1432,1432,706,5,20,3932,2937,2450,5050,,,120,600,3364,75,18.9,26
1,2336,1725,1043,10,27,5438,4058,864,4752,1386,1654,840,508,1463,48,18.4,26
2,254,189,189,15,26,503,40,3605,3605,1580,850,455,300,300,37,18.4,26
1,3512,2975,1662,6,23,9544,8177,1494,5790,,,129,500,1205,75,21.1,25
1,3619,3080,1888,,,7948,5040,,2093,3370,,938,600,2632,59,17,25
1,4630,3655,2301,5,27,9216,11176,2766,8490,,,212,600,2200,69,10.4,25
1,1378,1182,,,,4952,2123,1338,2280,,,,400,,62,20.2,25
2,575,482,206,9,18,542,9,3750,3750,1550,1510,285,350,,48,12.1,25
1,1493,1194,428,,,4246,2457,1440,8820,,2116,,,,90,18.1,24
1,941,643,415,,66,2571,1263,1204,8725,,3475,914,300,,82,13.4,24
1,1199,562,261,30,74,3805,2728,1828,9244,,,240,520,2138,89,18.1,24
1,814,814,616,6,24,988,1356,2369,6140,,,116,570,,52,13.8,24
1,1455,1064,452,1,16,2632,617,740,6806,1150,1400,636,350,766,75,15.1,24
2,369,312,90,12,46,396,526,11400,11400,5400,,340,500,760,41,9.5,24
1,1623,1574,837,,,6194,4992,,,2565,1800,,750,1098,78,20,24
2,322,168,51,,,237,67,11760,11760,4225,,90,630,1836,90,15.7,23
2,1025,770,257,,,1893,1220,8550,8550,2880,1860,250,720,4029,90,20.4,23
1,1108,1086,723,4,26,1139,2070,2369,6140,,,90,660,,60,14.7,23
2,,177,125,10,75,602,488,8094,8094,1100,880,48,566,,51,10.6,23
1,1358,1328,370,,18,2992,1202,2150,5750,2990,1430,248,660,,67,25.3,22
2,1339,1107,336,12,36,1051,82,9400,9400,4200,,,500,1600,53,12.5,22
1,2402,1824,1161,,,5438,5556,1422,2844,,,183,450,1835,62,19.8,21
2,6407,1500,595,,,1752,125,6770,6770,4438,,966,600,650,49,15.7,21
2,325,284,95,16,33,364,88,9900,9900,1660,1990,80,500,1200,32,13.6,21
1,2086,1507,631,14,27,4056,3433,1902,5706,,,236,552,2178,78,15.1,21
1,2963,2814,1840,,41,8718,1707,1644,3804,,,282,617,1655,57,20.6,21
2,1196,697,499,21,47,959,13,4412,4412,1000,1460,600,500,1000,69,16.9,21
2,600,197,124,3,9,392,69,7260,7260,1910,1180,330,600,1840,31,12.9,21
2,77,61,27,7,38,352,147,3120,3120,1358,2024,125,400,500,24,14.3,20
1,1766,1322,1194,,,5753,4058,2136,5352,2435,,166,800,800,61,14.7,19
1,1636,952,424,6,22,1544,896,1340,4120,1456,1226,100,510,,60,15,19
1,2406,2139,1501,,,8158,3643,2362,5154,1557,1566,,800,1790,75,17.9,19
2,200,165,121,,,1538,419,5115,5115,1470,1050,100,300,700,36,13.6,19
1,2704,2537,1766,,,6518,5560,1687,4560,,,117,600,,77,19.7,19
2,1436,1228,1202,10,26,1320,822,4371,4371,1320,1050,130,500,2000,62,12.6,18
1,3553,1719,777,12,37,4543,2694,1848,5544,,,350,650,2400,47,15.6,18
1,1643,882,407,,,2179,1089,2141,4869,2384,1691,673,600,2200,57,22,17
2,260,195,139,,,235,307,5519,5519,,2400,255,500,500,85,12.9,16
1,4040,4040,1800,,46,7410,3055,991,3486,,,,,,92,22.9,16
2,193,146,55,16,44,249,869,7560,7560,1620,2500,130,800,1500,76,11.9,15
1,4639,3272,1278,,,4051,405,1500,3000,1960,,84,500,,48,18.7,15
2,686,427,242,,,746,123,4000,4000,1250,1450,,600,1000,35,16.7,15
2,263,223,103,10,24,316,20,8438,8438,1446,1926,,500,2958,42,11.1,15
1,4345,3245,2604,15,85,5584,3101,780,7860,1680,1680,,600,1700,65,18.2,10
1,1541,1541,1108,,,3357,4701,672,4104,,,328,500,2585,75,20.6,8
